1101,IQUIQUE,Más de 100,Más de 100,500,ENTEL,131 equipos,631,Si,Si,No,No,Si,No,Si,Si,No,EXTERNO,INGENIERIA Y PROCESOS ELECTRONICOS CONTABLES,Si,No,No,Si,No,PRIVADA,No,No,No,Si,No,Si,No,Si,No,Si,Youtube,CONCEJO MUNICIPAL DE IQUIQUE,HTTPS://YOUTUBE.COM/@CONCEJOMUNICIPALDEIQUIQUE,No
1107,ALTO HOSPICIO,Más de 100,Más de 100,1178,GTD,2023,387,Si,Si,Si,Si,Si,Si,Si,No,No,EXTERNO,SMC,Si,Si,No,No,No,No aplica,No,No,No,No,Si,Si,No,No,Si,Si,Web municipal,CANAL MAHO (YOUTUBE)SESION CONCEJO MUNICIPAL,YOUTUBE.COM/@SESIOMESCONCEJOMAHO,Si
1401,POZO ALMONTE,Entre 50 y menos de 100,Entre 50 y menos de 100,200,MOVISTAR,2023,250,Si,Si,No,No,Si,Si,Si,No,No,EXTERNO,SMC,Si,No,No,No,Si,GOB.,No,Si,No,Si,No,Si,No,Si,Si,Si,Facebook,TAMARUGAL TV,WWW.FACEBOOK.COM/TAMARUGALTV,No
1402,CAMIÑA,No recepcionado,No recepcionado,No recepcionado,No recepcionado,No recepcionado,No recepcionado,No recepcionado,No recepcionado,No recepcionado,No recepcionado,No recepcionado,No recepcionado,No recepcionado,No recepcionado,No recepcionado,No recepcionado,No recepcionado,No recepcionado,No recepcionado,No recepcionado,No recepcionado,No recepcionado,No recepcionado,No recepcionado,No recepcionado,No recepcionado,No recepcionado,No recepcionado,No recepcionado,No recepcionado,No recepcionado,No recepcionado,No recepcionado,No recepcionado,No recepcionado,No recepcionado,No recepcionado
1403,COLCHANE,Entre 20 y menos de 50,Entre 20 y menos de 50,10,ENTEL,2023,48,No,Si,Si,Si,Si,Si,Si,No,No,EXTERNO,CAS CHILE,No,No,Si,Si,Si,GOB.,No,No,No,No,No,No,Si,No,No,Si,Facebook,HTTPS://WEB.FACEBOOK.COM/MUNICOLCHANE,HTTPS://WEB.FACEBOOK.COM/MUNICOLCHANE/VIDEOS,No
1404,HUARA,Entre 50 y menos de 100,Entre 50 y menos de 100,130,ENTEL,2023,150,No,Si,Si,Si,Si,Si,Si,Si,No,EXTERNO,GTD,Si,No,No,Si,No,No aplica,No,No,Si,Si,No,No,No,No,No,Si,Facebook,ILUSTRE MUNICIPALIDAD DE HUARA,HTTPS://WWW.FACEBOOK.COM/PROF.LE.PHP?ID=100064666692677,Si
1405,PICA,Entre 50 y menos de 100,Más de 100,25,ENTEL,2023 - 20 equipos,87,No,Si,Si,Si,Si,Si,Si,No,No,EXTERNO,CAS CHILE,No,No,No,No,No,No aplica,No,No,No,No,No,No,No,No,No,Si,Facebook - Youtube,FACEBOOK MUNICIPALIDAD PICA YOUTUBE MUNICIPIOPICA,FACEBOOK MUNICIPALIDAD PICA,No
2101,ANTOFAGASTA,Más de 100,Más de 100,300,MOVISTAR,2023 - 46 equipos,757,Si,Si,No,No,Si,Si,Si,No,Si,EXTERNO,INSICO,Si,Si,Si,Si,Si,GOB - PRIVADA,No,Si,No,Si,No,Si,Si,No,Si,Si,Facebook  - Youtube,MUNICIPALIDAD DE ANTOFAGASTA,HTTPS://WWW.FACEBOOK.COM/WATCH/MUNICIPALIDAD.ANTOFAGASTA,No
2102,MEJILLONES,Entre 50 y menos de 100,Entre 50 y menos de 100,5,MOVISTAR,2023,158,No,Si,Si,No,Si,Si,No,No,No,PROPIO,CAS CHILE,No,No,Si,Si,Si,GOB.,No,No,No,No,No,Si,Si,Si,No,Si,Web municipal - Youtube,MEJILLONES TV - YOUTUBE,HTTPS://WWW.YOUTUBE.COM/PLAYLIST?LIST=PL7GCZD_CHJFLW3CBYDSOJA4XNFSYMUGAY,Si
2103,SIERRA GORDA,Entre 50 y menos de 100,Entre 50 y menos de 100,50,MOVISTAR,2023,150,No,Si,Si,Si,Si,Si,Si,No,No,EXTERNO,CAS CHILE,No,No,No,Si,No,PRIVADA,No,No,No,No,No,Si,No,No,No,Si,Facebook,COMUNICACIONES MUNISG,WWW.MUNICIPALIDADSIERRAGORDA.CL,No
2104,TALTAL,No recepcionado,No recepcionado,No recepcionado,No recepcionado,No recepcionado,No recepcionado,No recepcionado,No recepcionado,No recepcionado,No recepcionado,No recepcionado,No recepcionado,No recepcionado,No recepcionado,No recepcionado,No recepcionado,No recepcionado,No recepcionado,No recepcionado,No recepcionado,No recepcionado,No recepcionado,No recepcionado,No recepcionado,No recepcionado,No recepcionado,No recepcionado,No recepcionado,No recepcionado,No recepcionado,No recepcionado,No recepcionado,No recepcionado,No recepcionado,No recepcionado,No recepcionado,No recepcionado
2201,CALAMA,Más de 100,Más de 100,350,MOVISTAR,2023 - 90 equipos,MAS de 700,No,Si,No,No,Si,Si,Si,Si,No,EXTERNO,INSICO,No,Si,No,No,No,No aplica,Si,Si,Si,Si,Si,Si,No,Si,Si,Si,Facebook,HTTPS://WWW.FACEBOOK.COM/MUNICALAMA,HTTPS://WWW.FACEBOOK.COM/MUNICALAMA,Si
2202,OLLAGÜE,Entre 50 y menos de 100,Entre 50 y menos de 100,10,ENTEL,2022 - 6 equipos,30,No,Si,Si,Si,No,No,No,No,No,EXTERNO,CAS CHILE,No,No,No,No,No,PRIVADA,No,No,No,No,No,Si,No,No,No,Si,Web municipal - Facebook,WWW.MUNICIPALIDADDEOLLAGUE.CL; FACEBOOK,HTTPS://WWW.FACEBOOK.COM/PROFILE.PHP?ID=100082688733149,No
2203,SAN PEDRO DE ATACAMA,Más de 100,Más de 100,170,ENTEL - MOVISTAR,2023 - 20 equipos,190,Si,Si,Si,Si,No,No,Si,Si,No,EXTERNO,CAS CHILE - ZECOBERY,Si,Si,Si,Si,Si,GOB.,No,Si,Si,Si,Si,Si,Si,No,No,Si,Youtube,@MUNISPAOFICIAL,YOUTUBE.COM/@MUNISPAOFICIAL,No
2301,TOCOPILLA,Más de 100,Más de 100,95,MOVISTAR,2023,158,No,Si,Si,No,Si,Si,Si,No,No,EXTERNO,CAS CHILE,No,No,No,No,Si,PRIVADA,No,No,No,Si,No,Si,Si,Si,Si,Si,Facebook,MUNICIPALIDAD TOCOPILLA,HTTPS:WWW.FACEBOOK.COM/MUNICIPALIDADTOCOPILLA/VIDEOS/1339931840029302,No
2302,MARÍA ELENA,Entre 50 y menos de 100,Entre 50 y menos de 100,40,MOVISTAR,2021,100,No,Si,Si,Si,Si,No,Si,No,No,EXTERNO,CAS CHILE,No,No,Si,Si,Si,PRIVADA,No,No,No,Si,Si,Si,No,Si,No,Si,Facebook,USUARIO: ILUSTRE MUNICIPALIDAD DE MARIA ELENA,WWW.FACEBOOK.COM/MUNICIPALIDADDEMARIAELENA,No
3101,COPIAPÓ,Más de 100,Más de 100,400 aprox.,CLARO,2023,650,Si,Si,No,Si,Si,Si,Si,Si,No,EXTERNO,CAS CHILE,Si,Si,Si,No,Si,GOB.,No,No,No,No,No,Si,No,No,No,Si,Web municipal - Facebook - Youtube - Instagram,"INSTAGRAM, X, FACEBOOKWWW.COPIAPO.CL",WWW.COPIAPO.CL,Si
3102,CALDERA,Entre 50 y menos de 100,Entre 50 y menos de 100,223,ENTEL,2023 - 53 equipos,403,Si,Si,No,No,Si,Si,Si,Si,No,EXTERNO,CAS CHILE,Si,Si,Si,Si,Si,GOB.,No,Si,Si,Si,No,Si,Si,Si,Si,Si,Youtube,YOUTUBECONCEJO MUNICIPAL CALDERA,YOUTUBE.COM/SESIONESCONCEJOMUNICIPALCALDERA,No
3103,TIERRA AMARILLA,Más de 100,Más de 100,30,MOVISTAR,2024,150,No,Si,No,Si,Si,Si,Si,Si,No,EXTERNO,CAS CHILE,No,Si,Si,Si,Si,GOB.,No,Si,Si,Si,Si,No,No,No,Si,Si,Facebook,MUNICIPALIDAD DE TIERRA AMARILLA CHILE,FACEBOOK.COM/MUNITIERRAMARILLA/VIDEOS,No
3201,CHAÑARAL,Entre 50 y menos de 100,Entre 50 y menos de 100,0,ENTEL,2023,165,No,Si,No,Si,No,Si,Si,No,No,EXTERNO,CAS CHILE,No,No,No,No,No,No aplica,No,No,No,No,No,No,No,No,No,Si,Web municipal - Youtube,FACEBOOK.COM/MUNICHANARAL,WWW.MUNICHANARAL.CL/SESIONES_CONSEJO.HTML,Si
3202,DIEGO DE ALMAGRO,Entre 50 y menos de 100,Entre 20 y menos de 50,78,ENTEL,2023-18 equipos,179,Si,Si,No,Si,No,No,No,No,No,EXTERNO,CAS CHILE,Si,No,No,No,No,No aplica,No,No,No,Si,No,Si,Si,Si,No,Si,Web municipal - Facebook - Youtube,YOUTUBE - @ALCALDIADIEGODEALMAGRO,HTTPS://WWW.YOUTUBE.COM/@ALCALDIADIEGODEALMAGRO,No
3301,VALLENAR,Más de 100,Más de 100,310,MOVISTAR,2023,195,Si,Si,Si,Si,Si,Si,Si,Si,No,EXTERNO,CAS CHILE,Si,Si,Si,Si,Si,GOB.,Si,Si,Si,Si,Si,Si,Si,Si,Si,Si,Facebook,MUNICIPALIDAD DE VALLENAR,HTTPS://WWW.FACEBOOK.COM/MUNIDEVALLENAR,Si
3302,ALTO DEL CARMEN,Entre 50 y menos de 100,Entre 20 y menos de 50,77,ENTEL,2023 - 12 equipos,89,No,Si,No,Si,Si,Si,Si,No,No,EXTERNO,"CAS CHILE
 - REDM",Si,No,No,No,No,No aplica,No,No,No,No,No,No,No,No,No,No,Facebook,MUNICIPALIDAD DE ALTO DEL CARMEN,HTTP://WWW.FACEBOOK.COM/PROFILE.PHP?ID=10069929937063,No
3303,FREIRINA,Entre 50 y menos de 100,Entre 50 y menos de 100,75,ENTEL,2023,116,Si,Si,No,Si,Si,Si,Si,No,No,EXTERNO,CASCHILE,Si,No,No,No,No,No aplica,No,No,No,No,No,Si,No,Si,No,Si,Facebook,DEPARTAMENTO DE COMUNICACIONES FREIRINA,HTTPS://WWW.FACEBOOK.COM/DEPARTAMENTO.DECOMUNICACIONES.9?SFNSN=WA,Si
3304,HUASCO,Entre 10 y menos de 20,Entre 10 y menos de 20,101,ENTEL,2023 - 6 equipos,132,Si,Si,No,Si,No,No,No,No,Si,EXTERNO,INTRASOFT CHILE,Si,No,No,No,Si,GOB.,No,Si,Si,No,No,No,No,No,Si,Si,Facebook,MUNICIPALIDAD DE HUASCO,FACEBOOK.COM/MUNIHUASCO/VIDEOS,No
4101,LA SERENA,Más de 100,Más de 100,556,CLARO,2023,1002,Si,Si,No,No,Si,Si,Si,No,No,EXTERNO,CAS CHILE,Si,No,No,No,No,No aplica,No,No,No,No,No,Si,No,Si,Si,Si,Facebook - Youtube,SE PUEDE ACCEDER A LAS REDES SOCIALES DEL MUNICIPIO A TRAVÉS DE WWW.LASERENA.CL,HTTPS://WWW.YOUTUBE.COM/PLAYLIST?LIST=PLCYI03XWQ5PSGHHBWSKP0NW0TKNPCT6RMHTTPS://WWW.FACEBOOK.COM/MUNILASERENA,Si
4102,COQUIMBO,Más de 100,Más de 100,326,MOVISTAR,2023,946,Si,Si,No,Si,Si,Si,No,No,No,PROPIO - EXTERNO,CAS CHILE,Si,No,Si,Si,Si,GOB - PRIVADA,No,No,No,No,No,Si,No,No,No,Si,Facebook,MUNICIPALIDAD DE COQUIMBO,YOUTUBE.COM/@MUNICOQUIMBO/STREAMS,No
4103,ANDACOLLO,Entre 50 y menos de 100,Entre 50 y menos de 100,26,ENTEL,2023,125,No,Si,No,No,No,Si,Si,Si,Si,EXTERNO,CAS CHILE,No,Si,No,No,No,No aplica,No,No,No,No,No,Si,Si,Si,Si,Si,Web municipal,CANAL ANDACOLLO TV,HTTPS://WWW.YOUTUBE.COM/@CONCEJOMUNICIPALANDACOLLO,No
4104,LA HIGUERA,Entre 50 y menos de 100,Entre 50 y menos de 100,20,MOVISTAR,2023,98,No,Si,Si,Si,Si,Si,Si,No,No,EXTERNO,CAS CHILE,Si,No,No,No,No,No aplica,No,No,No,No,No,No,No,No,No,Si,Youtube,CANAL YOUTUBE: MUNILAHIGUERA,WWW.YOUTUBE.COM/MUNILAHIGUERA,No
4105,PAIGUANO,Entre 50 y menos de 100,Entre 50 y menos de 100,39,ENTEL,2023,69,Si,Si,Si,Si,No,No,No,No,No,EXTERNO,CAS CHILE,Si,No,No,No,No,No aplica,No,No,No,No,No,No,No,No,No,Si,Youtube,CONCEJO MUNICIPAL PAIHUANO,YOUTUBE.COM@CONCEJOMUNICIPALPAIHUANO,No
4106,VICUÑA,Más de 100,Más de 100,5,CABLE COLOR,2023,108,No,Si,Si,Si,Si,Si,Si,Si,No,EXTERNO,CAS CHILE,No,Si,Si,Si,Si,GOB.,No,Si,Si,Si,No,Si,No,No,Si,Si,Youtube,No aplica,YOUTUBE/@MUNICIPALIDAD DE VICUÑA,No
4201,ILLAPEL,No recepcionado,No recepcionado,No recepcionado,No recepcionado,No recepcionado,No recepcionado,No recepcionado,No recepcionado,No recepcionado,No recepcionado,No recepcionado,No recepcionado,No recepcionado,No recepcionado,No recepcionado,No recepcionado,CAS CHILE,No recepcionado,No recepcionado,No recepcionado,No recepcionado,No recepcionado,No recepcionado,No recepcionado,No recepcionado,No recepcionado,No recepcionado,No recepcionado,No recepcionado,No recepcionado,No recepcionado,No recepcionado,No recepcionado,No recepcionado,No recepcionado,No recepcionado,No recepcionado
4202,CANELA,Más de 100,Más de 100,45,MUNDO PACÍFICO,2023- 4 equipos,85,Si,Si,Si,Si,Si,Si,No,No,No,EXTERNO,CAS CHILE,Si,No,No,No,No,No aplica,No,No,No,No,No,Si,No,Si,Si,Si,Web municipal - Facebook,PAGINA DE CANELA Y FACEBOOK MUNI CANELA,HTTPS://CANELA.CL/NUEVO/CONCEJO/SESION-CONCEJO-MUNICIPAL,Si
4203,LOS VILOS,Más de 100,Más de 100,110,LIVISTER SPA,2023 - 65 equipos,285,Si,Si,Si,Si,No,Si,Si,No,No,EXTERNO,CAS CHILE,Si,No,No,Si,No,No aplica,No,No,No,No,No,Si,No,Si,No,Si,Facebook,HTTPS://WWW.FACEBOOK.COM/PEOPLE/MUNICIPALIDAD-DE-LOS-VILOS/100078750404716,/HTTPS://WWW.YOUTUBE.COM/@MUNICIPALIDADLOSVILOS7460/PLAYLISTS,Si
4204,SALAMANCA,No recepcionado,No recepcionado,No recepcionado,No recepcionado,No recepcionado,No recepcionado,No recepcionado,No recepcionado,No recepcionado,No recepcionado,No recepcionado,No recepcionado,No recepcionado,No recepcionado,No recepcionado,No recepcionado,CAS CHILE,No recepcionado,No recepcionado,No recepcionado,No recepcionado,No recepcionado,No recepcionado,No recepcionado,No recepcionado,No recepcionado,No recepcionado,No recepcionado,No recepcionado,No recepcionado,No recepcionado,No recepcionado,No recepcionado,No recepcionado,No recepcionado,No recepcionado,No recepcionado
4301,OVALLE,Más de 100,Más de 100,30,MOVISTAR,2024,644,No,Si,Si,Si,No,Si,Si,No,No,PROPIO - EXTERNO,CAS CHILE,No,No,Si,Si,No,GOB - PRIVADA,No,No,No,No,No,Si,No,No,No,Si,Web municipal,No aplica,LINK DISTINTO PARA CADA CONCEJO.,No
4302,COMBARBALÁ,Entre 50 y menos de 100,Entre 20 y menos de 50,38,MOVISTAR,2023,180,Si,Si,Si,Si,Si,Si,Si,No,No,EXTERNO,CAS CHILE - RED M,No,No,No,Si,Si,GOB.,No,No,No,No,No,No,No,No,Si,Si,Youtube,No aplica,No aplica,Si
4303,MONTE PATRIA,Entre 50 y menos de 100,Entre 50 y menos de 100,145,MOVISTAR,2023,250,No,Si,Si,Si,Si,Si,Si,Si,No,EXTERNO,CAS CHILE,Si,Si,Si,Si,No,No aplica,Si,Si,No,Si,No,No,No,No,Si,No,Web municipal,"FACEBOOK, INSTAGRAM",WWW.MPATRIA.CL,No
4304,PUNITAQUI,Entre 10 y menos de 20,Menos de 10,4,MOVISTAR,2024,76,Si,Si,Si,Si,No,No,No,Si,No,EXTERNO,CAS CHILE,Si,Si,Si,No,No,No aplica,No,No,No,No,No,No,Si,No,No,Si,Facebook,FACEBOOK,FACEBOOK.COM/ILUSTREMUNICIPALIDADDEPUNITAQUI/?LOCALE=ES_LA,No
4305,RÍO HURTADO,Entre 50 y menos de 100,Entre 50 y menos de 100,80,MOVISTAR,2023,97,Si,Si,Si,Si,Si,Si,Si,No,No,EXTERNO,CAS CHILE,Si,No,No,Si,No,PRIVADA,No,No,No,No,No,No,No,Si,No,Si,Web municipal - Youtube,No aplica,HTTPS://RIOHURTADO.CL/HTTPS://WWW.YOUTUBE.COM/@MUNIRIOHURTADO/STREAMS,No
5101,VALPARAÍSO,Más de 100,Más de 100,1601,MOVISTAR,2024 - 100 equipos,1460,Si,Si,No,No,Si,Si,Si,No,No,EXTERNO,CAS CHILE,Si,No,Si,No,No,No aplica,No,No,No,No,No,Si,Si,Si,Si,Si,Facebook - Youtube - Twiter,FACEBOOK: MUNIVALPARAISO YOUTUBE: MUNIVALPO,HTTPS://WWW.YOUTUBE.COM/RESULTS?SEARCH_QUERY=MUNI VALPO,No
5102,CASABLANCA,Más de 100,Más de 100,70,MOVISTAR,2020 - 22 equipos,355,Si,Si,Si,Si,Si,Si,Si,No,No,EXTERNO,CAS CHILE,Si,No,No,No,Si,GOB.,No,No,No,No,No,No,No,No,No,Si,Facebook,HTTPS:/WWW.FACEBOOK.COM/ILUSTREMUNICIPALIDADDECASABLANCA,HTTPS//MUNICIPALIDADCASABLANCA.CL/INDEX.PHP/21-INFORMATE/1326-SESIONES-CONCEJO-MUNICIPAL,No
5103,CONCÓN,Más de 100,Más de 100,70,GTD,2023,180,No,Si,Si,Si,Si,Si,No,Si,No,EXTERNO,CAS CHILE,No,Si,Si,Si,Si,PRIVADA,No,Si,Si,No,No,No,No,No,No,Si,Youtube,MUNICONCON,WWW.YOUTUBE.COM/MUNICONCON,Si
5104,JUAN FERNÁNDEZ,Entre 20 y menos de 50,Entre 20 y menos de 50,10,EMPRESA PRIVADA,2023,52,No,Si,No,Si,No,Si,Si,No,No,PROPIO,CAS CHILE,No,No,No,No,No,No aplica,No,No,No,No,No,No,No,No,No,Si,Youtube,No aplica,No aplica,No
5105,PUCHUNCAVÍ,Entre 50 y menos de 100,Entre 50 y menos de 100,10,IFX NETWORS CHILE S.A,2023,140,Si,Si,Si,Si,No,Si,No,No,No,EXTERNO,CAS CHILE,Si,No,No,No,No,No aplica,No,No,No,Si,No,Si,No,Si,No,Si,Web municipal,MUNICIPALIDAD DE PUCHUNCAVI,HTTP://WWW.FACEBBOK.COM/MUNICIPALIDADDEPUCHUNCAVI,No
5107,QUINTERO,Más de 100,Más de 100,120,MOVISTAR,2023 - 48 equipos,220,No,Si,Si,Si,No,Si,No,No,No,EXTERNO,CAS CHILE,No,No,No,Si,No,No aplica,No,No,No,Si,No,Si,Si,Si,No,Si,Youtube,MUNIQUINTERO,YOUTUBE.COM/@ILUSTREMUNICIPALIDADDEQUIN3375,No
5109,VIÑA DEL MAR,Más de 100,Más de 100,470,GTD,2023 - 530 equipos,1200,Si,Si,No,No,Si,Si,Si,Si,Si,EXTERNO,CAS CHILE,Si,Si,Si,No,Si,GOB.,Si,Si,Si,Si,Si,Si,No,Si,Si,Si,Youtube,CANAL MUNIVINA,WWW.MUNIVINA.CL,Si
5201,ISLA DE PASCUA,Entre 10 y menos de 20,Más de 100,150,CLARO-STARLINK,2023,250,Si,Si,Si,No,Si,Si,Si,No,No,EXTERNO,CAS CHILE,Si,No,No,No,No,No aplica,No,No,No,Si,No,Si,No,Si,No,Si,Youtube,No aplica,YOUTUBE/@MUNICIPALIDADRAPANUI,No
6306,PALMILLA,Más de 100,Más de 100,8,MUNDO,2023 - 3 equipos,112,No,Si,Si,Si,Si,Si,Si,Si,No,EXTERNO,CAS CHILE,No,Si,Si,No,No,No aplica,No,No,No,No,No,Si,No,Si,Si,Si,Facebook,FACEBOOK.COM/MUNIPALMILLA,No aplica,No
5302,CALLE LARGA,Entre 50 y menos de 100,Entre 50 y menos de 100,32,MOVISTAR,2023,160,No,Si,Si,Si,Si,No,Si,Si,No,PROPIO - EXTERNO,CAS CHILE,No,No,No,No,No,PRIVADA,No,No,No,No,No,Si,No,No,No,Si,Facebook,FACEBOOK CALLE LARGA MUNICIPALIDAD,WWW.FACEBOOK.COM/CALLELARGACADADIAMEJOR,No
5303,RINCONADA,Entre 50 y menos de 100,Entre 50 y menos de 100,114,OTRO,2023 - 8 equipos,132,No,Si,Si,Si,No,Si,Si,No,No,EXTERNO,CAS CHILE,No,No,No,Si,No,PRIVADA,No,No,No,Si,No,No,Si,No,No,Si,Facebook,MUNICIPALIDAD DE RINCONADA DE LOS ANDES,HTTPS://WWW.FACEBOOK.COM/MUNIRINCONADALOSANDES/LIVE_VIDEOS,No
5304,SAN ESTEBAN,Entre 50 y menos de 100,Entre 50 y menos de 100,13,ENTEL,2023 - 10 equipos,110,No,Si,Si,Si,Si,Si,Si,Si,No,EXTERNO,CAS CHILE,No,Si,Si,Si,Si,GOB.,No,Si,Si,Si,No,Si,No,No,Si,Si,Facebook,MUNISANESTEBAN,WWW.FACEBOOK.COM/MUNICIPALIDADDESANESTEBAN/?LOCALE_ES.LA,No
5401,LA LIGUA,No recepcionado,No recepcionado,No recepcionado,No recepcionado,No recepcionado,No recepcionado,No recepcionado,No recepcionado,No recepcionado,No recepcionado,No recepcionado,No recepcionado,No recepcionado,No recepcionado,No recepcionado,No recepcionado,CAS CHILE,No recepcionado,No recepcionado,No recepcionado,No recepcionado,No recepcionado,No recepcionado,No recepcionado,No recepcionado,No recepcionado,No recepcionado,No recepcionado,No recepcionado,No recepcionado,No recepcionado,No recepcionado,No recepcionado,No recepcionado,No recepcionado,No recepcionado,No recepcionado
5402,CABILDO,Más de 100,Más de 100,38,ENTEL,2023,120,Si,Si,Si,Si,Si,Si,No,No,No,EXTERNO,CAS CHILE,Si,No,No,No,No,No aplica,No,No,No,No,Si,No,No,No,No,Si,Facebook,MUNICIPIOCABILDO,FACEBOOK.COM,No
5403,PAPUDO,Entre 20 y menos de 50,Entre 20 y menos de 50,15,MOVISTAR,2024 - 2 equipos,95,Si,Si,Si,Si,Si,Si,Si,No,No,EXTERNO,CAS CHILE,Si,No,No,No,No,No aplica,No,No,No,No,No,No,Si,No,No,Si,Facebook,MUNICIPALIDAD DE PAPUDO,HTTPS://WWW.FACEBOOK.COM/MUNIPAPUDO/LIVE_VIDEOS,No
5404,PETORCA,Entre 50 y menos de 100,Entre 50 y menos de 100,28,ENTEL,2024,113,Si,Si,Si,Si,No,Si,Si,No,No,EXTERNO,CAS CHILE,Si,No,Si,Si,No,No aplica,No,No,No,Si,No,Si,No,Si,No,Si,Facebook,MUNICIPALIDAD PETORCA,LINK VARIABLE POR CADA TRANSMISION,No
5405,ZAPALLAR,Más de 100,Más de 100,5,MOVISTAR,2023,180,No,Si,Si,Si,Si,Si,Si,No,No,EXTERNO,PROEXSI,No,No,No,Si,Si,GOB - PRIVADA,No,Si,Si,No,Si,Si,Si,Si,Si,Si,Youtube,MUNIZAPALLAR,WWW.YOUTUBE.COM/@MUNICIPALIDADDEZAPALLAR.CL,Si
5501,QUILLOTA,Más de 100,Más de 100,196,MOVISTAR,2023 - 90 equipos,436,No,Si,Si,Si,Si,Si,Si,No,No,EXTERNO,PROEXSI,No,Si,No,Si,Si,GOB.,No,Si,Si,Si,No,Si,No,No,Si,Si,Web municipal - Facebook - Youtube,MUNIQUILLOTA,HTTPS://WWW.SECMUQUILLOTA.CL/CONCEJO/SESIONESCONCEJALES.PHP,No
5502,CALERA,Entre 50 y menos de 100,Entre 50 y menos de 100,18,ENTEL,2023 - 36 equipos,126,Si,Si,Si,Si,Si,Si,Si,Si,No,PROPIO,No Aplica,Si,Si,Si,Si,Si,GOB - PRIVADA,No,Si,Si,Si,No,Si,No,Si,No,Si,Facebook,WWW.FACEBOOK/MUNILACALERA,WWW.FACEBOOK/MUNILACALERA,No
5503,HIJUELAS,Más de 100,Más de 100,60,MOVISTAR,2024 - 6 equipos,110,Si,Si,Si,Si,Si,Si,Si,No,No,PROPIO,CAS CHILE,Si,No,No,Si,No,No aplica,No,No,No,No,No,No,No,No,No,No,Facebook,MUNICIPALIDAD DE HIJUELAS,HTTPS.//WWW.FACEBOOK.COM/MUNICIPALIDADDEHIJULEAS,Si
5504,LA CRUZ,Más de 100,Más de 100,70,MUNDO PACÍFICO,2024,103,Si,Si,Si,Si,Si,No,Si,No,No,PROPIO,CRECIC,Si,Si,No,No,No,No aplica,No,No,No,No,No,Si,Si,Si,No,Si,Web municipal - Facebook - Youtube,@LACRUZTV640 (YOUTUBE),WWW.LACRUZ.CL/CONCEJOS-MUNICIPALES-2023,No
5506,NOGALES,Más de 100,Más de 100,30,MOVISTAR,2024,108,No,Si,Si,Si,No,Si,Si,No,No,PROPIO,No Aplica,No,No,No,No,No,No aplica,No,No,No,No,No,Si,No,No,No,Si,Facebook  - Youtube,MUNICIPALIDAD DE NOGALES,HTTPS://WWW.FACEBOOK.COM/MUNICIPALIDADDENOGALES,Si
5601,SAN ANTONIO,Más de 100,Más de 100,291,MUNDO PACÍFICO,45 equipos,466,Si,Si,Si,Si,Si,Si,Si,Si,No,EXTERNO,CASCHILE - EXE - SOLNET,Si,Si,Si,Si,No,PRIVADA,No,Si,Si,Si,Si,Si,Si,Si,Si,Si,Web municipal - Facebook - Youtube,No aplica,WWW.SANANTONIO.CL,No
5602,ALGARROBO,No recepcionado,No recepcionado,No recepcionado,No recepcionado,No recepcionado,No recepcionado,No recepcionado,No recepcionado,No recepcionado,No recepcionado,No recepcionado,No recepcionado,No recepcionado,No recepcionado,No recepcionado,No recepcionado,No recepcionado,No recepcionado,No recepcionado,No recepcionado,No recepcionado,No recepcionado,No recepcionado,No recepcionado,No recepcionado,No recepcionado,No recepcionado,No recepcionado,No recepcionado,No recepcionado,No recepcionado,No recepcionado,No recepcionado,No recepcionado,No recepcionado,No recepcionado,No recepcionado
5603,CARTAGENA,Más de 100,Más de 100,185,MOVISTAR,2023,281,Si,Si,Si,Si,Si,Si,Si,No,No,EXTERNO,CAS CHILE,Si,No,Si,Si,No,No aplica,No,No,No,No,No,No,No,Si,Si,Si,Youtube,CONCEJO MUNICIPAL DE CARTAGENA,HTTPS://WWW.YOUTUBE.COM/@CONCEJOMUNICIPALDECARTAG-MV5GD,No
5604,EL QUISCO,Más de 100,Más de 100,315,MOVISTAR,2023- 68 equipos,539,Si,Si,Si,Si,Si,Si,Si,Si,Si,EXTERNO,CAS CHILE,Si,Si,Si,No,Si,GOB.,Si,Si,Si,Si,Si,Si,No,Si,Si,Si,Youtube,"OMBRE CANAL DE YOUTUBE ""CONCEJOMUNICIPALELQUISCO4204""",HTTPS://WWW.YOUTUBE.COM/@CONCEJOMUNICIPALELQUISCO4204,Si
5605,EL TABO,Más de 100,Más de 100,45,MOVISTAR-TUMUNDO,2023 - 40 equipos,280,Si,Si,Si,Si,No,No,Si,No,No,EXTERNO,CAS CHILE,Si,Si,Si,Si,Si,GOB - PRIVADA,No,No,No,Si,Si,Si,No,Si,Si,Si,Youtube,@MUNIELTABO,WWW.YOUTUBE.COM/@MUNIELTABO,No
5606,SANTO DOMINGO,Más de 100,Más de 100,164,GTD,2023,338,Si,Si,Si,Si,Si,Si,Si,Si,Si,EXTERNO,CAS CHILE,Si,Si,Si,No,No,No aplica,No,Si,Si,Si,Si,Si,No,Si,Si,Si,Youtube,No aplica,HTTPS://WWW.YOUTUBE.COM/@CONCEJOMUNICIPALSANTODOMINGO,No
5701,SAN FELIPE,Más de 100,Más de 100,250,MOVISTAR,2024 - 40 equipos,500,Si,Si,Si,Si,Si,Si,Si,Si,No,EXTERNO,CAS CHILE,Si,Si,No,No,No,No aplica,No,No,Si,Si,Si,Si,No,Si,Si,Si,Web municipal,MUNI SAN FELIPE,HTTPS://WWW.YOUTUBE.COM/@MUNISANFELIPE_/STREAMS,Si
5702,CATEMU,Entre 50 y menos de 100,Menos de 10,50 aprox.,MUNDO,2024,114,Si,Si,Si,Si,No,Si,No,Si,No,EXTERNO,CAS CHILE,Si,No,No,No,No,No aplica,No,No,No,No,No,No,No,No,No,Si,Web municipal - Facebook ,FACEBOOKINSTAGRAMPÁGINA MUNICATEMU,HTTPS://WWW.MUNICATEMU.CL/SESIONES/INDEX.HTML,No
5703,LLAILLAY,Más de 100,Más de 100,87,CLARO,2023,209,Si,Si,Si,No,Si,Si,Si,No,No,EXTERNO,CAS CHILE,Si,Si,No,No,No,No aplica,No,No,No,Si,No,Si,No,Si,Si,Si,Web municipal - Facebook - Youtube,LLAY LLAY COMUNICACIONES,WWW.MUNLLAYLLAY.CLYOUTUBE.COM@TVMUNICIPALIDADLLAYLLAY,No
5704,PANQUEHUE,Entre 50 y menos de 100,Entre 20 y menos de 50,44,ENTEL,2024,77,Si,Si,Si,Si,Si,Si,Si,No,No,EXTERNO,CAS CHILE,No,No,No,No,No,No aplica,No,Si,No,No,No,Si,Si,Si,Si,Si,Youtube,@MUNICIPALIDADDEPANQUEHUE6462,HTTPS://WWW.YOUTUBE.COM/@MUNICIPALIDADDEPANQUEHUE6462,No
5705,PUTAENDO,Entre 50 y menos de 100,Entre 50 y menos de 100,134,MOVISTAR,2024 - 1 equipo,182,Si,Si,Si,Si,No,No,No,No,No,EXTERNO,CAS CHILE,Si,No,No,Si,No,No aplica,No,No,No,No,No,Si,No,No,No,Si,Facebook,HTTPS://WWW.FACEBOOK.COM/MUNIPUTAENDO,HTTPS://WWW.FACEBOOK.COM/MUNIPUTAENDO,No
5706,SANTA MARÍA,Entre 50 y menos de 100,Entre 50 y menos de 100,60,MOVISTAR,2023 - 15 equipos,190,No,Si,Si,Si,Si,Si,Si,No,No,EXTERNO,CAS CHILE,No,No,Si,Si,No,PRIVADA,No,No,No,No,No,Si,No,Si,No,Si,Web municipal - Facebook - Youtube,No aplica,IMSANTAMARIA,No
5801,QUILPUÉ,Más de 100,Más de 100,196,CLARO,74 equipos,270,No,Si,Si,Si,Si,Si,Si,Si,Si,EXTERNO,CAS CHILE,No,Si,Si,Si,Si,GOB - PRIVADA,No,Si,Si,Si,Si,Si,Si,Si,Si,Si,Youtube,YOUTUBE: MUNICIPALIDAD DE QUILPUEFACEBOOK: MUNICIPALIDAD DE QUILPUE,WWW.QUILPUE.CL,No
5802,LIMACHE,Más de 100,Más de 100,80,CLARO,21 equipos,180,Si,Si,Si,Si,Si,Si,Si,Si,No,EXTERNO,CAS CHILE,Si,Si,No,Si,Si,GOB.,No,Si,Si,Si,No,Si,No,Si,No,Si,Youtube,No aplica,WWW.YOUTUBE.COM/@MUNILIMACHE/STREAMS,No
5803,OLMUÉ,Más de 100,Más de 100,60,MOVISTAR,2023 - 30 equipos,MAS DE 100,Si,Si,Si,Si,Si,Si,Si,Si,No,EXTERNO,CAS CHILE,Si,Si,No,Si,Si,GOB.,Si,Si,Si,Si,No,Si,Si,Si,Si,Si,Youtube,@MUNOLMUE.CL,WWW.YOUTUBE.COM/@MUNOLMUE,Si
5804,VILLA ALEMANA,Más de 100,Más de 100,350,CLARO,2023 - 20 equipos,500,No,Si,No,No,Si,Si,Si,Si,No,EXTERNO,CAS CHILE,No,Si,No,No,No,No aplica,No,Si,Si,Si,No,Si,Si,No,No,Si,Web municipal - Facebook - Youtube,FACEBOOK:@MUNIVILLALEMANAYOUTUBE: @MUNIVILLALEMANA,HTTPS://WWW.VILLALEMANA.CL/AUTORIDADES/SESIONES-CONCEJO-MUNICIPAL/HTTPS://WWWFACEBOOK.COM/MUNIVILLALEMANAHTTPS:WWW.YOUTUBE.COM/@MUNIVILLALEMANA,No
6101,RANCAGUA,Más de 100,Más de 100,400,GTD,2023 - 45 equipos,630,Si,Si,No,No,Si,Si,Si,Si,No,EXTERNO,CAS CHILE,Si,Si,Si,Si,Si,GOB.,No,Si,Si,Si,No,Si,No,No,No,Si,Facebook,ILUSTRE MUNICIPALIDAD DE RANCAGUA,"FACEBIIJ,CIN/MUNI.RANCAGUA",No
6102,CODEGUA,Entre 50 y menos de 100,Entre 50 y menos de 100,62,ENTEL,2023,112,No,Si,Si,Si,No,Si,Si,No,No,EXTERNO,CAS CHILE,No,No,No,No,No,No aplica,No,No,No,No,No,Si,No,No,No,Si,Facebook,ILUSTRE MUNICIPALIDAD DE CODEGUA,HTTPS://WWW.FACEBOOK.COM/MUNICIPALIDADDECODEGUA,Si
6103,COINCO,Entre 50 y menos de 100,Entre 50 y menos de 100,56,MOVISTAR,2023,91,Si,Si,Si,No,Si,Si,Si,No,No,EXTERNO,CAS CHILE,Si,No,Si,Si,Si,PRIVADA,No,No,No,No,No,Si,No,No,No,Si,Web municipal,No aplica,WWW.MUNICOINCO.CL/SECCIONES/4166,No
6104,COLTAUCO,Más de 100,Más de 100,25,MOVISTAR,2024,100,No,Si,Si,Si,Si,Si,Si,Si,Si,EXTERNO,CAS CHILE,No,No,Si,Si,Si,GOB.,No,No,No,No,No,Si,No,Si,No,Si,Facebook,I.MUNICIPALIDAD DE COLTAUCO,FACEBOOK.COM/MUNICIPALIDAD COLTAUCO/?LOCALE=_LA,Si
6105,DOÑIHUE,Más de 100,Más de 100,10,ENTEL,2023,135,Si,Si,Si,Si,No,Si,Si,No,No,EXTERNO,CAS CHILE,Si,Si,No,No,No,Ninguna,No,No,No,No,No,Si,Si,Si,Si,Si,Facebook,MUNICIPALIDAD DE DOÑIHUE,LINK DE FACEBOOK,No
6106,GRANEROS,Entre 20 y menos de 50,Entre 10 y menos de 20,1,MOVISTAR,2024,1,Si,Si,Si,No,Si,Si,Si,Si,No,EXTERNO,CAS CHILE,Si,Si,No,No,No,No aplica,No,No,No,No,No,Si,No,No,No,Si,Web municipal - Facebook,FACEBOOK MUNICIPALIDAD DE GRANEROS,FACEBOOK.COM/MUNIGRANEROS,No
6107,LAS CABRAS,Entre 50 y menos de 100,Entre 50 y menos de 100,179,MOVISTAR,2023 - 12 equipos,212,No,Si,Si,Si,Si,Si,Si,No,No,EXTERNO,CAS CHILE,No,No,No,Si,No,PRIVADA,No,No,No,No,No,No,No,No,No,Si,Facebook,MUNICIPALIDAD LAS CABRAS,WWW.FACEBOOK.COM/MUNILASCABRAS,No
6108,MACHALÍ,Más de 100,Más de 100,86,CLARO,2023,300,No,Si,Si,Si,Si,Si,Si,No,No,EXTERNO,CAS CHILE,No,No,Si,Si,No,PRIVADA,No,No,No,No,No,Si,Si,Si,No,Si,Web municipal - Facebook - Youtube,FACEBOOK.COM/MUNIMACHALI,HTTPS://WWW.YOUTUBE.COM/@MACHALIALDIA,No
6109,MALLOA,Más de 100,Más de 100,100 aprox.,MUNDO PACÍFICO,2023 - 5 equipos,120,No,Si,Si,Si,No,No,No,No,No,EXTERNO,CAS CHILE,No,No,No,Si,No,No aplica,No,No,No,Si,No,Si,No,No,No,Si,Web municipal - Facebook - Youtube,MUNIMALLOA (YOUTUBE),YOUTUBE/MUNIMALLOA,No
6110,MOSTAZAL,Más de 100,Más de 100,20,MOVISTAR,2023,100,Si,Si,Si,Si,Si,Si,Si,Si,No,EXTERNO,CAS CHILE,Si,Si,No,No,No,No aplica,No,Si,No,Si,Si,Si,No,Si,Si,Si,Facebook,FACEBOOK,FACEBOOK.COM/MUNICIPALIDADMOSTAZAL.CL,Si
6111,OLIVAR,Más de 100,Más de 100,36,MOVISTAR,2023,73,Si,Si,Si,Si,Si,Si,No,No,No,EXTERNO,CAS CHILE,Si,No,Si,Si,No,PRIVADA,No,No,No,No,No,Si,No,Si,No,Si,Facebook,ILUSTRE MUNICIPALIDAD DE OLIVAR,YOUTUBE.COM/@COMUNICACIONESMUNICIPALIDADOLI/FEATURED.,No
6112,PEUMO,Entre 50 y menos de 100,Entre 50 y menos de 100,10,ENTEL,2023,70,Si,Si,Si,Si,Si,Si,Si,Si,Si,EXTERNO,CAS CHILE,Si,Si,No,Si,No,Ninguna,No,No,No,Si,Si,No,No,Si,No,Si,Facebook,MUNICIPALIDAD DE PEUMO,No aplica,No
6113,PICHIDEGUA,Entre 50 y menos de 100,Entre 50 y menos de 100,35,MOVISTAR,2023,164,Si,Si,Si,Si,Si,Si,Si,Si,Si,PROPIO - EXTERNO,CAS CHILE,No,Si,Si,Si,Si,PRIVADA,Si,Si,Si,Si,Si,Si,Si,Si,Si,Si,Web Municipal - Youtube,No aplica,HTTPS://PICHIDEGUA.CL/CONCEJO-MUNICIPALHTTPS://WWW.YOUTUBE.COM/@MUNICIPALIDADDEPICHIDEGUA9950,Si
6114,QUINTA DE TILCOCO,Más de 100,Más de 100,75,FIBRANET,2023,No recepcionado,No,Si,Si,Si,Si,Si,Si,No,No,EXTERNO,CAS CHILE,No,No,No,Si,No,No aplica,No,No,No,Si,No,No,No,No,No,Si,Youtube,MUNICIPALIDAD QUINTA DE TILCOCO,HTTPS://WWW.YOUTUBE.COM/@MUNICIPALIDADQUINTADETILCOCO,Si
6115,RENGO,No recepcionado,No recepcionado,No recepcionado,No recepcionado,No recepcionado,No recepcionado,No recepcionado,No recepcionado,No recepcionado,No recepcionado,No recepcionado,No recepcionado,No recepcionado,No recepcionado,No recepcionado,No recepcionado,CAS CHILE,No recepcionado,No recepcionado,No recepcionado,No recepcionado,No recepcionado,No recepcionado,No recepcionado,No recepcionado,No recepcionado,No recepcionado,No recepcionado,No recepcionado,No recepcionado,No recepcionado,No recepcionado,No recepcionado,No recepcionado,No recepcionado,No recepcionado,No recepcionado
6116,REQUÍNOA,Más de 100,Más de 100,30,ENLACE DEL SUR,2023,175,Si,Si,Si,Si,Si,Si,Si,Si,No,PROPIO,CAS CHILE,Si,No,Si,Si,Si,GOB.,No,No,No,Si,No,No,Si,No,No,Si,Facebook,REQUINOA.CL,HTTPS://WWW.FACEBOOK.COM/REQUINOA.ACTIVIDADES,Si
6117,SAN VICENTE,Entre 50 y menos de 100,Entre 50 y menos de 100,182,ENTEL,2024 - 9 equipos,191,No,Si,No,Si,No,Si,No,No,No,PROPIO,CAS CHILE,No,No,No,Si,No,No recepcionado,No,No,No,No,No,No,No,No,No,Si,Web municipal - Facebook - Zoom,No recepcionado,No recepcionado,Si
6201,PICHILEMU,Más de 100,Más de 100,167,ENTEL,2023 -70 equipos,273,No,Si,Si,Si,Si,Si,Si,No,No,PROPIO,CAS CHILE,No,No,Si,Si,Si,GOB.,No,No,No,No,No,Si,No,Si,No,Si,Youtube,SESIONES DE CONCEJO MUNICIPALIDAD DE PICHILEMU,WWW.YOUTUBE.COM/@CONCEJOS MUNICIPALIDADPICHILEMU,No
6202,LA ESTRELLA,Entre 50 y menos de 100,Entre 50 y menos de 100,50,ENTEL,2023- 10 equipos,75,Si,Si,Si,Si,Si,Si,Si,No,No,PROPIO,CAS CHILE,Si,No,Si,Si,No,No aplica,No,No,No,No,No,No,Si,Si,No,Si,Facebook,MUNILAESTRELLA,FACEBOOK.COM/MUNILAESTRELLA/LIVE_VIDEOS,Si
6203,LITUECHE,Entre 50 y menos de 100,Entre 50 y menos de 100,15,ENTEL,2023,90,Si,Si,Si,Si,Si,Si,Si,No,No,PROPIO,CAS CHILE,Si,No,Si,No,No,No aplica,No,No,No,Si,No,No,Si,Si,No,Si,Facebook,FACEBOOK,WWW.LITUECHE.CL,No
6204,MARCHIHUE,Más de 100,Más de 100,100,MOVISTAR-MUNDO,20 equipos,116,Si,Si,Si,Si,Si,Si,Si,Si,No,PROPIO,CAS CHILE,Si,Si,Si,Si,Si,GOB.,No,Si,Si,Si,No,No,Si,Si,Si,Si,Web municipal - Facebook ,MUNI MARCHIGÜE (FACEBOOK) MUNIDEMARCHIGUE (INSTAGRAM),HTTPS://WWW.FACEBOOK.COM/PROFILE.PHP?ID=100005039265840,No
6205,NAVIDAD,Más de 100,Más de 100,100,MUNDO,2023 - 17 equipos,160,Si,Si,Si,Si,Si,Si,Si,Si,No,PROPIO,CAS CHILE - CODING 12,Si,Si,No,Si,Si,GOB.,Si,Si,Si,Si,Si,No,Si,No,Si,Si,Facebook,MUNICIPALIDAD DE NAVIDAD,HTTPS://WWW.FACEBOOK.COM/MUNICOMUNICA2023,Si
6206,PAREDONES,Más de 100,Más de 100,13,ENLACE DEL SUR,2023,96,No,Si,Si,Si,Si,Si,Si,Si,No,PROPIO,INTESIS,No,No,Si,Si,Si,PRIVADA,No,No,No,Si,No,Si,Si,Si,Si,Si,Web municipal - Youtube,COMUNA PAREDONES,HTTP://COMUNAPAREDONES.CL /INDEX.PHP/COMPONENT/SPAGEBUILTDES/PVIEW=PAGE@ID=426,No
6301,SAN FERNANDO,Más de 100,Más de 100,15,ENTEL,2023,320,Si,Si,No,No,Si,Si,Si,Si,No,PROPIO,CAS CHILE,Si,Si,Si,Si,No,No aplica,No,No,No,Si,Si,Si,No,No,Si,Si,Youtube,FACEBOOK,WWW.FACEBOOK.COM/MUNISANFERNANDO,Si
6302,CHÉPICA,Más de 100,Más de 100,12,MUNDO PACÍFICO,2023,90,Si,Si,Si,Si,No,No,No,No,No,PROPIO,No Aplica,No,No,No,No,No,No aplica,No,No,No,Si,No,Si,No,Si,No,Si,Web municipal,No aplica,MUNICIPALIDADCHEPICA.CL,No
6303,CHIMBARONGO,Más de 100,Más de 100,208,MOVISTAR,2023 - 12 equipos,220,No,Si,No,Si,Si,Si,Si,No,Si,EXTERNO,CAS CHILE,No,Si,Si,Si,Si,GOB.,No,No,No,No,No,Si,No,Si,Si,Si,Youtube,MUNICIPALIDAD DE CHIMBARONGO,HTTPS://WWW.YOUTUBE.COM/RESULTS?SEARCH_QUERY=MUNICIPALIDAD DE CHIMBARONGO,No
6304,LOLOL,Más de 100,Más de 100,15,PACÍFICO CABLE SPA,2023,40,No,Si,Si,Si,Si,Si,Si,Si,No,EXTERNO,CAS CHILE,No,No,No,No,No,PRIVADA,No,No,No,No,No,Si,Si,Si,No,Si,Facebook,MUNICIPALIDAD DE LOLOL,HTTPS://WWW.FACEBOOK.COM/WWW.MUNILOLOL.CL?LOCALE=ES_LA,No
6305,NANCAGUA,Entre 50 y menos de 100,Entre 50 y menos de 100,8,MOVISTAR,2023,127,Si,Si,No,Si,No,Si,Si,Si,No,EXTERNO,C.MENESES,No,No,No,Si,No,No aplica,No,No,No,No,Si,Si,Si,Si,No,Si,Web municipal - Youtube,CONCEJOS ILUSTRE MUNICIPALIDAD NANCAGUA,W3.YOUTUBE.COM/@CONCEJOSILUSTREMUNICIPALIDADNA,No
7305,RAUCO,Entre 50 y menos de 100,Entre 50 y menos de 100,25,GTD,24 equipos,75,Si,Si,Si,Si,No,Si,Si,No,No,EXTERNO,CAS CHILE,Si,No,No,No,No,No aplica,No,No,No,No,No,Si,No,No,No,Si,Youtube,WWW.YUOTUBE.COM/@MUNICIPALIDADDERAUCO,YOUTUBE.COM/@MUNICIPALIDADDERAUCO/STREAMING,Si
6307,PERALILLO,Entre 50 y menos de 100,Entre 50 y menos de 100,30,MOVISTAR,2022-7 equipos,90,No,Si,Si,Si,Si,Si,Si,No,No,EXTERNO,CAS CHILE,Si,No,Si,Si,Si,GOB.,No,No,No,Si,Si,No,No,No,Si,Si,Facebook,MUNI PERALLILLO,WWW.FACEBOOK.COM/MUNIPERALILLO,No
6308,PLACILLA,Más de 100,Más de 100,43,MOVISTAR,2023,73,Si,Si,Si,Si,Si,Si,Si,Si,No,EXTERNO,CAS CHILE,Si,Si,Si,Si,No,No aplica,Si,Si,Si,Si,Si,Si,Si,Si,Si,Si,Youtube,MUNIPLACILLA,YOUTOBE.COM/@MUNIPLACILLA7945,No
6309,PUMANQUE,Entre 50 y menos de 100,Entre 50 y menos de 100,18,ENTEL,2023,50,No,Si,Si,Si,No,Si,Si,No,No,EXTERNO,CAS CHILE,No,No,No,No,No,No aplica,No,No,No,No,No,No,No,No,No,Si,Web municipal - Facebook,FECEBOOK: MUNICIPALIDAD DE PUMANQUE,HTTPS:WWW.FACEBOOK.COM/PEOPLE/MUNICIPALIDAD-PUMANQUE/100064650163784,No
6310,SANTA CRUZ,Más de 100,Más de 100,150,ENTEL,2023,200,Si,Si,Si,Si,Si,Si,Si,Si,Si,EXTERNO,CAS CHILE,Si,No,Si,No,No,No aplica,No,No,No,No,No,No,No,No,No,Si,Youtube,@MUNICIPALIDADSTACRUZ,HTTPS://WWW.YOUTUVE.COM/@MUNICIPALIDADSTACRUZ,No
7101,TALCA,Más de 100,Más de 100,300,GTD,208 equipos,730,Si,Si,Si,Si,Si,Si,Si,Si,Si,EXTERNO,CAS CHILE,Si,Si,No,No,Si,GOB.,No,Si,Si,Si,Si,Si,No,No,No,Si,Web municipal - Facebook - Youtube,FACEBOOK: MUNITALCA,WWW.TALCA.CL,Si
7102,CONSTITUCIÓN,Más de 100,Más de 100,44,MOVISTAR,2023 - 10 equipos,260,Si,Si,Si,Si,Si,Si,Si,No,No,EXTERNO,CAS CHILE,Si,No,No,No,No,No aplica,No,No,No,No,No,Si,No,No,No,Si,Facebook - Youtube - Spotify,MUNICIPALIDADCONSTITUCION@MUNICIPALIDADCONSTITUCION,WWW.CONSTITUCION.CL,No
7103,CUREPTO,Entre 50 y menos de 100,Entre 50 y menos de 100,91,ENTEL,2017,91,Si,Si,Si,Si,Si,Si,Si,Si,Si,EXTERNO,CAS CHILE,Si,No,No,Si,Si,GOB - PRIVADA,No,No,No,No,No,Si,No,Si,Si,Si,Facebook  - Youtube,FACEBOOK,YOUTUBE/@MUNICIPALIDADCUREPTO,No
7104,EMPEDRADO,Entre 50 y menos de 100,Entre 20 y menos de 50,55,CONTIVISIÓN,2023,70,No,Si,Si,Si,Si,Si,Si,No,No,EXTERNO,CAS CHILE,No,No,No,No,No,No aplica,No,No,No,No,No,No,No,No,Si,Si,Youtube,MUNICIPALIDAD EMPEDRADO FACEBOOK,WWW.EMPEDRADO.CL,No
7105,MAULE,Más de 100,Más de 100,92,INTERCOM,2023,159,Si,Si,Si,Si,No,Si,Si,No,No,EXTERNO,CAS - CHILE - GTD - SOLNET,Si,No,No,No,No,No aplica,No,No,No,No,No,Si,Si,No,No,Si,Youtube,No aplica,HTTPS://WWW.YOUTUBE.COM/@MUNICIPALIDADDEMAULE7395,No
7106,PELARCO,Más de 100,Más de 100,17,SANTA JUANA,2023 - 12 equipos,95,No,Si,Si,Si,No,No,Si,No,No,EXTERNO,CRECIC,No,No,No,No,No,No aplica,No,No,No,No,No,No,No,Si,Si,Si,Facebook,MUNICIPALIDAD DE PELARCO,HTTPS://WWW.FACEBOOK.COM/PROFILE.PHP?ID=100068266552656,Si
7107,PENCAHUE,Más de 100,Más de 100,80,MOVISTAR,2023 - 5 equipos,110,Si,Si,Si,Si,No,No,Si,Si,No,EXTERNO,CAS CHILE,Si,Si,Si,Si,No,No aplica,Si,Si,Si,No,No,No,Si,Si,No,Si,Facebook,HTTPS://WWW.FACEBOOK.COM/MUNIDEPENCAHUE?MIBEXTID=ZBWKWL,HTTPS://MPENCAHUE.CL/INDEX.PHP/CONCEJOS-MUNICIPALES,No
7108,RÍO CLARO,Más de 100,Más de 100,98,SOC.TELEVISIVA CABLE SANTA JUANA,2023,172,No,Si,Si,Si,Si,Si,Si,No,No,EXTERNO,CAS CHILE,No,Si,Si,No,Si,GOB.,No,No,No,No,No,Si,No,Si,Si,Si,Youtube,COMUNICACIONES RIO CLARO,No aplica,No
7109,SAN CLEMENTE,Entre 50 y menos de 100,Entre 50 y menos de 100,120,GTD,42 equipos,332,Si,Si,Si,Si,No,No,Si,Si,No,EXTERNO,CAS CHILE,Si,Si,Si,No,No,No aplica,No,Si,Si,Si,Si,Si,No,Si,No,Si,Youtube,MUNICIPALIDAD DE SAN CLEMENTE,HTTP://WWW.YOUTUBE.COM/@MUNISANCLEMENTE,Si
7110,SAN RAFAEL,Más de 100,Más de 100,65,INTERCOM,2023,114,No,Si,Si,Si,No,No,No,No,No,PROPIO,No Aplica,No,No,No,No,No,No aplica,No,No,No,No,No,Si,No,Si,Si,Si,Facebook,WWW.FACEBOOK.COM/PROFILE.PHP?ID=100010572766264,WWW.FACEBOOK.COM/MUNISANRAFAEL,Si
7201,CAUQUENES,Más de 100,Más de 100,105,PACIFICO CABLE SPA,2024 - 1 equipo,282,Si,Si,Si,Si,No,Si,Si,Si,No,EXTERNO,CAS CHILE,Si,Si,Si,No,No,No aplica,No,Si,Si,Si,Si,Si,No,No,Si,Si,Facebook,HTTPS://FACEBOOK.COM/MUNI.CAUQUENES,HTTPS://FACEBOOK.COM/MUNI.CAUQUENES,No
7202,CHANCO,Más de 100,Más de 100,54,ENTEL,2023 - 10 equipos,84,Si,Si,Si,Si,Si,Si,Si,No,No,EXTERNO,CAS CHILE,Si,No,No,No,No,No aplica,No,No,No,No,No,Si,Si,Si,No,Si,Facebook,ILUSTRE MUNICIPALIDAD DE CHANCO,FACEBOOK.COM/MUNICHANCO,No
7203,PELLUHUE,Entre 50 y menos de 100,Entre 50 y menos de 100,125,INFORMÁTICA NETWORKS PATRICIO FUENTES EIRL,2024 - 1 equipo,241,Si,Si,Si,Si,No,Si,Si,Si,No,EXTERNO,CAS CHILE,Si,No,No,No,Si,GOB.,No,No,No,Si,No,No,No,No,Si,Si,Youtube,MUNIPELLUHUE5738,YOUTUBE.COM/MUNIPELLUHUE5738,No
7301,CURICÓ,Más de 100,Más de 100,360,OTRO,2023,700,Si,Si,Si,Si,Si,Si,Si,Si,Si,EXTERNO,CAS CHILE,Si,Si,Si,Si,Si,GOB - PRIVADA,Si,Si,Si,Si,Si,Si,Si,Si,Si,Si,Youtube,No aplica,HTTPS://YOUTUBE.COM/MUNICURICO,Si
7302,HUALAÑÉ,Más de 100,Más de 100,48,PIFICO CABLE,2023 - 7 equipos,107,No,Si,Si,Si,Si,Si,Si,Si,No,EXTERNO,CAS CHILE,No,Si,Si,Si,Si,GOB.,No,Si,Si,Si,Si,Si,No,No,Si,Si,Facebook,USUARIO MUNICIPALIDAD DE HUALANE,FACEBOOK.COM/COMUNA.DE HUALANE.CL,No
7303,LICANTÉN,Más de 100,Más de 100,37,ENTEL,2023,105,Si,Si,Si,Si,Si,Si,Si,No,No,EXTERNO,CAS CHILE,Si,No,No,Si,Si,GOB.,No,No,No,No,No,No,No,No,No,Si,Youtube,@MUNILICANTEN,HTTPS://WWW.YOUTUBE.COM/@MUNILICANTEN,Si
7304,MOLINA,Más de 100,Más de 100,180,GTD,2023,253,Si,Si,Si,Si,Si,Si,No,No,No,EXTERNO,CAS CHILE,Si,No,No,No,No,GOB.,No,No,No,No,No,Si,No,No,No,Si,Facebook,FACEBOOK,WWW.FACEBOOK.COM,No
13130,SAN MIGUEL,Entre 50 y menos de 100,Más de 100,78,MOVISTAR,2023,400,Si,Si,Si,Si,No,Si,Si,No,No,EXTERNO,CAS CHILE,Si,Si,Si,No,Si,GOB.,No,Si,No,Si,No,No,No,No,Si,Si,Facebook - Youtube - Twiter,MUNICIPALIDAD DE SAN MIGUEL,YOUTUBE SAN MIGUEL_CL,Si
7306,ROMERAL,Más de 100,Más de 100,58,PACIFICO CABLE SPA,2023 - 52 equipos,159,No,Si,Si,Si,Si,Si,No,No,No,EXTERNO,CAS CHILE,Si,No,No,No,Si,GOB.,Si,No,No,No,No,Si,No,No,No,Si,Facebook,MUNICIPALIDAD DE ROMERAL,FACEBOOK/MUNIROMERAL,No
7307,SAGRADA FAMILIA,Más de 100,Más de 100,15,MUNDO PACÍFICO,2023,190,No,Si,Si,Si,No,Si,No,No,No,EXTERNO,CAS CHILE,No,Si,Si,Si,Si,PRIVADA,Si,No,No,Si,Si,Si,Si,Si,No,Si,Facebook,SAGRADATV,WWW.FACEBOOK.COM/SAGRADAFAMILIA.CHILE/VIDEOS,No
7308,TENO,Más de 100,Entre 50 y menos de 100,20,MUNDO PACÍFICO,2023,120,No,Si,Si,Si,Si,Si,No,No,No,EXTERNO,CAS CHILE,No,No,No,No,No,No aplica,No,No,No,No,No,Si,No,Si,No,Si,Facebook - Youtube,MUNICIPALIDAD DE TENO,WWW.FACEBOOK.COM/ILUSTREMUNICIPALIDADTENOWWW.YOUTUBE.COM/@COMUNICACIONESMUNICIPALIDA2623,Si
7309,VICHUQUÉN,Entre 20 y menos de 50,Entre 20 y menos de 50,41,ENTEL,2023 - 4 equipos,74,No,Si,Si,Si,Si,Si,Si,No,No,EXTERNO,SMC,No,No,No,Si,No,No aplica,No,No,No,No,No,Si,No,No,Si,Si,Youtube,@MUNICIPALIDADVICHUQUEN-2124,YOUTUBE.COM/@MUNICIPALIDADVICHUQUEN-2124,No
7401,LINARES,Más de 100,Más de 100,200,MOVISTAR,100 equipos,700,Si,Si,Si,Si,Si,Si,Si,Si,No,PROPIO - EXTERNO,CAS CHILE,Si,Si,Si,Si,No,No aplica,No,No,No,Si,No,Si,No,Si,Si,Si,Facebook,LINARESCORPORACIONMUNICIPAL,HTTPS://WWW.FACEBOOK.COM/CORPORACIONLINARES.CL/VIDEOS/532171048875671,No
7402,COLBÚN,Más de 100,Más de 100,50,ENTEL,2023,200,Si,Si,Si,Si,Si,Si,Si,No,No,EXTERNO,CRECIC,Si,No,No,No,No,No aplica,No,No,No,No,No,No,Si,Si,Si,Si,Facebook,FACEBOOK DE LA MUNICIPALIDAD DE COLBUN,HTTPS://WWW.FACEBOOK.COM/PROFILE.PHP?ID=100064570487351,No
7403,LONGAVÍ,Entre 20 y menos de 50,Entre 20 y menos de 50,25,MOVISTAR,10 equipos,120,No,Si,Si,Si,Si,Si,Si,Si,No,PROPIO,No Aplica,No,Si,No,Si,No,No aplica,No,No,No,Si,No,Si,No,No,No,Si,Web municipal - Youtube,No aplica,WWW.MUNICIPALIDADLONGAVI.CL,No
7404,PARRAL,Más de 100,Más de 100,200,GTD,2023 - 20 equipos,250,Si,Si,Si,Si,Si,Si,No,Si,No,PROPIO,CAS CHILE,Si,Si,Si,Si,No,PRIVADA,No,Si,Si,Si,No,Si,No,No,Si,Si,Youtube,MUNICIPALIDAD DE PARRAL,HTTP://WWW.YOUTUBE.COM/@FELIPELANGEVIN3421/VIDEOS,Si
7405,RETIRO,Entre 50 y menos de 100,Entre 50 y menos de 100,30,ENTEL,2024 - 3 equipos,124,Si,Si,Si,Si,Si,Si,Si,No,No,PROPIO,CAS CHILE,Si,No,No,No,No,No aplica,No,No,No,No,No,No,No,No,No,No,Youtube,@MUNICIPALIDAD DE RETIRO,WWW.YOUTUBE.COM/@MUNICIPALIDADRETIRO,Si
7406,SAN JAVIER,Entre 50 y menos de 100,Entre 50 y menos de 100,120,MOVISTAR,2024- 15 equipos,215,No,Si,Si,Si,Si,Si,Si,Si,No,PROPIO,SMC,No,No,No,No,No,No aplica,No,No,No,Si,No,Si,No,Si,Si,Si,Facebook,MUNICIPALIDAD DE SAN JAVIER,FACEBOOK.COM/MUNICIPALIDAD.SANJAVIER/VIDEOS,No
7407,VILLA ALEGRE,Más de 100,Entre 50 y menos de 100,49,MOVISTAR,2023 - 8 equipos,76,No,Si,Si,Si,Si,Si,Si,Si,Si,PROPIO,No Aplica,Si,Si,Si,Si,Si,GOB.,Si,Si,Si,Si,Si,No,Si,No,Si,Si,Facebook,MUNICIPALIDAD DE VILLA ALEGRE FACEBOOK,HTTPS://WWW.FACEBOOK.COM/MUNIVILLAALEGRE/VIDEOS/2106820019681699,No
7408,YERBAS BUENAS,Más de 100,Más de 100,40,MUNDO PACÍFICO, 2023 -  10 equipos,150,No,Si,Si,Si,Si,Si,No,No,No,PROPIO,GTD,Si,Si,No,Si,Si,PRIVADA,Si,Si,No,Si,No,No,No,No,Si,Si,Facebook,MUNICIPALIDAD DE YERBAS BUENAS,HTTPS://WWW.FACEBOOK.COM/MUNIYERBASBUENAS,No
8101,CONCEPCIÓN,Entre 50 y menos de 100,Entre 50 y menos de 100,422,MOVISTAR,2023 - 80 equipos,889,Si,Si,No,Si,Si,Si,Si,Si,No,PROPIO,SMC,Si,Si,No,No,No,No aplica,No,Si,Si,Si,Si,Si,No,No,No,Si,Youtube,HTTPS://WWW.YOUTUBE.COM/CHANNEL/UCUG-FPDURSB8GVX6NLASWNW,HTTPS://WWW.YOUTUBE.COM/CHANNEL/UCUG-FPDURSB8GVX6NLASWNW,Si
8102,CORONEL,Más de 100,Más de 100,250,MOVISTAR,2023 - 56 equipos,550,Si,Si,Si,Si,Si,Si,Si,Si,No,PROPIO,SMC,Si,Si,No,No,No,No aplica,No,No,No,Si,No,Si,No,Si,Si,Si,Youtube,TV,WWW.CORONEL.CL,No
8103,CHIGUAYANTE,Más de 100,Entre 50 y menos de 100,2,MOVISTAR,2023 - 10 equipos,300,Si,Si,No,Si,Si,Si,Si,Si,No,PROPIO,SMC,Si,Si,Si,Si,No,PRIVADA,No,Si,Si,Si,Si,Si,Si,Si,Si,Si,Facebook,CHIGUAYANTE,HTTPS://WWW.YOUTUBE.COM/@TUMUNICHIGUAYANTE,No
8104,FLORIDA,Más de 100,Más de 100,80,MOVISTAR,2023 - 20 equipos,130,No,Si,No,Si,Si,Si,Si,Si,No,PROPIO,SMC,Si,No,No,No,No,No aplica,No,No,No,Si,No,No,No,No,No,Si,Facebook,"FACEBOOK, MUNIFLORIDA NOTICIAS",WWW.MUNIFLORIDA.CL,No
8105,HUALQUI,Entre 20 y menos de 50,Entre 20 y menos de 50,100,ENTEL,2024,210,Si,Si,No,Si,Si,Si,Si,Si,No,PROPIO,SMC,Si,Si,Si,No,No,No aplica,No,No,No,No,No,Si,No,No,Si,Si,Facebook,MUNICIPALIDADDEHUALQUI,HTTPS://WWW.FACEBOOK.COM/SEARCH/VIDEOS/?Q=MUNICIPALIDADDEHUALQUI,No
8106,LOTA,Entre 50 y menos de 100,Entre 50 y menos de 100,200,MOVISTAR,2023,270,No,Si,Si,Si,Si,Si,Si,No,No,PROPIO,CAS CHILE,No,No,No,No,No,No aplica,No,No,No,No,No,Si,Si,No,No,Si,Web municipal - Facebook - Instagram,I. MUNICIPALIDAD DE LOTA,FACEBOOK/I. MUNICIPALIDAD DE LOTA,No
8107,PENCO,Entre 50 y menos de 100,Entre 50 y menos de 100,50,GTD,2023 - 30 equipos,250,Si,Si,Si,Si,Si,Si,Si,No,No,PROPIO,CAS CHILE,Si,No,No,No,No,No aplica,No,No,No,No,No,Si,No,Si,No,Si,Facebook,MUNICIPALIDAD DE PENCO CIUDAD HISTORICA,HTTPS://WWW.FACEBOOK.COM/PENCOMUNICIPAL,No
8108,SAN PEDRO DE LA PAZ,Más de 100,Más de 100,171,GTD,2023 - 33 equipos,810,Si,Si,Si,Si,Si,Si,Si,Si,No,PROPIO,SMC,Si,Si,No,No,No,No aplica,No,No,No,No,No,No,No,No,No,Si,Facebook,MUNICIPALIDAD DE SAN PEDRO DE LA PAZ,HTTPS://WWW.FACEBOOK.COM/MUNICIPALIDADDESANPEDRODELAPAZ/?LOCALE=ES_LA,Si
8109,SANTA JUANA,Más de 100,Más de 100,100,MUNDO,2023,200,Si,Si,Si,Si,Si,Si,Si,Si,Si,PROPIO,SMC,Si,Si,Si,Si,Si,GOB.,No,Si,Si,Si,No,Si,No,Si,Si,Si,Facebook - Youtube,MUNICIPALIDAD DE SANTA JUANA,HTTPS://WWW.FACEBOOK.COM/MUNICIPALIDADDESANTAJUANA,No
8110,TALCAHUANO,Más de 100,Más de 100,76,GTD,2023 - 12 equipos,700,No,Si,Si,Si,Si,Si,Si,Si,No,PROPIO,SMC,No,Si,No,No,No,No aplica,No,No,No,Si,No,Si,No,Si,Si,Si,Youtube,YOUTUBE,YOUTUBE.COM@CONCEJOMUNICIPALES,No
8111,TOMÉ,Más de 100,Más de 100,40,GTD,2023,430,Si,Si,Si,Si,Si,Si,Si,Si,Si,PROPIO,SMC,Si,Si,No,Si,Si,GOB.,Si,No,Si,Si,Si,Si,Si,Si,Si,Si,Web municipal - Facebook,ILUSTRE MUNICIPALIDAD DE TOMÉ; COMUNA DE TOMÉ,HTTPS://WWW.FACEBOOK.COM/ILUSTREMUNICIPALIDADTOME,No
8112,HUALPÉN,Más de 100,Más de 100,180 aprox.,GTD, 2023 - 70 equipos,280,Si,Si,Si,Si,Si,Si,Si,Si,Si,PROPIO,SMC,Si,Si,Si,Si,No,No aplica,No,No,Si,Si,Si,Si,Si,Si,No,Si,Facebook,MUNICIPALIDAD.HUALPEN,WWW.FACEBOOK.COM/MUNICIPALIDAD.HUALPEN,Si
8201,LEBU,Más de 100,Más de 100,80,ENTEL,2023,100,No,Si,Si,Si,Si,Si,Si,Si,Si,PROPIO,No Aplica,No,Si,Si,Si,Si,GOB.,No,Si,Si,Si,Si,No,No,No,Si,Si,Youtube,YOUTUBE.COM/@LEBUMUNI,YOUTUBE.COM/@LEBUMUNI,No
8202,ARAUCO,Entre 50 y menos de 100,Entre 50 y menos de 100,206,ENTEL,2023,23,Si,Si,Si,Si,Si,Si,Si,No,No,PROPIO,No Aplica,Si,No,No,No,No,No aplica,No,No,No,No,No,No,No,No,No,Si,Facebook,HTTP://WWW.FACEBOOK.COM/MUNICIPALIDADARAUCONOMBRE,HTTPS://WWW.FACEBOOK.COM/MUNICIPALIDADARAUCO/LIVE_VIDEOS,No
8203,CAÑETE,Más de 100,Más de 100,20,ENTEL,2023,4,Si,Si,Si,Si,No,Si,Si,Si,Si,EXTERNO,SMC,Si,Si,No,No,No,No aplica,No,No,Si,Si,Si,Si,No,Si,No,Si,Web municipal,MUNICIPALIDAD DE CAÑETE,HTTP://M.FACEBOOK.COM/MUNICIPALIDADDECANETE/VIDEOS/CONCEJO-MUNICIPAL-20-02-2024/969938941215789,Si
8204,CONTULMO,Más de 100,Más de 100,48,MUNDO PACÍFICO,2023,130,Si,Si,Si,Si,Si,Si,Si,Si,Si,EXTERNO,CAS CHILE,Si,Si,No,No,No,No aplica,No,No,Si,Si,Si,Si,Si,Si,Si,Si,Facebook - Youtube,FACEBOLL ILUSTRE MUNICIPALIDAD DE CONTULMO YOUTUBE MUNICIPALIDADCONTULMO8000,HTTPS://WWW.YOUTUBE.COM/CHANNEL/UCV-LACEQTIWOAXPWCSPPICG,No
8205,CURANILAHUE,Entre 50 y menos de 100,Entre 50 y menos de 100,0,MOVISTAR,2023,100,Si,Si,Si,Si,Si,Si,Si,No,No,EXTERNO,CRECIC,Si,No,No,No,No,No aplica,No,No,No,No,No,No,No,No,No,Si,Facebook,MUNICHUE,WWW.FACEBOOK.COM/MUNICURANILAHUE/?LOCALE=ES_LA,No
8206,LOS ÁLAMOS,Más de 100,Más de 100,166,MOVISTAR,2023,225,Si,Si,Si,Si,Si,Si,Si,No,No,EXTERNO,SMC,Si,No,No,No,No,No aplica,No,No,No,No,No,No,No,No,No,Si,Youtube,CONCEJO MUNICIPAL LOS ÁLAMOS.,HTTPS://WWW.YOUTUBE.COM/@CONCEJOMUNICIPALLOSALAMOS,No
8207,TIRÚA,No recepcionado,No recepcionado,No recepcionado,No recepcionado,No recepcionado,No recepcionado,No recepcionado,No recepcionado,No recepcionado,No recepcionado,No recepcionado,No recepcionado,No recepcionado,No recepcionado,No recepcionado,No recepcionado,No recepcionado,No recepcionado,No recepcionado,No recepcionado,No recepcionado,No recepcionado,No recepcionado,No recepcionado,No recepcionado,No recepcionado,No recepcionado,No recepcionado,No recepcionado,No recepcionado,No recepcionado,No recepcionado,No recepcionado,No recepcionado,No recepcionado,No recepcionado,No recepcionado
8301,LOS ÁNGELES,Más de 100,Más de 100,300,GTD,2023 - 43 equipos,700,Si,Si,Si,Si,Si,Si,Si,Si,No,PROPIO - EXTERNO,SMC,Si,Si,Si,Si,Si,GOB.,Si,Si,Si,Si,Si,Si,Si,Si,No,Si,Youtube,@MUNIDELOSANGELES,YOUTUBE.COM/@MUNIDELOSANGELES,No
8302,ANTUCO,Más de 100,Más de 100,40,GTD,2023 - 20 equipos,60,Si,Si,Si,Si,Si,No,Si,No,No,EXTERNO,CRECIC,Si,No,No,No,No,No aplica,No,No,No,Si,No,No,No,Si,No,Si,Facebook  - Youtube,ILUSTRE MUNICIPALIDAD DE ANTUCO,YOUTUBE.COM@CONCEJOMUNICIPALDEANTUCO1831,No
8303,CABRERO,Más de 100,Más de 100,82,LIVISTER,2023,134,Si,Si,Si,Si,Si,Si,Si,No,No,EXTERNO,CAS CHILE,Si,No,No,No,No,No aplica,No,No,No,No,No,No,Si,No,No,Si,Youtube,EN YOUTUBE: @MUNICIPALIDADDECABRERO1393EN FACEBOOK: MUNICIPALIDAD DE CABRERO,HTTPS://WWW.YOUTUBE.COM/RESULTS?SEARCH_QUERY=MUNICIPALIDAD DE CABREROHTTPS://WWW.FACEBOOK.COM/CABREROCHILE/?LOCALE=ES_LA,No
8304,LAJA,Entre 20 y menos de 50,Entre 20 y menos de 50,85,ENTEL,2023- 8 equipos,118,Si,Si,Si,Si,Si,Si,Si,No,No,EXTERNO,SMC,Si,No,No,Si,No,No aplica,No,No,No,No,No,Si,No,Si,Si,Si,Youtube,@MUNILAJAOFICIAL,HTTPS://WWW.YOUTUBE.COM/@MUNILAJAOFICIAL/STREAMS.,No
8305,MULCHÉN,Más de 100,Más de 100,25,GTD,2023 - 20 equipos,175,Si,Si,Si,Si,Si,Si,Si,Si,No,EXTERNO,CRECIC,Si,Si,Si,No,Si,GOB.,No,Si,Si,Si,Si,Si,Si,Si,Si,Si,Youtube,@CONCEJOMUNICIPAL_MULCHEN,HTTPS://WWW.YOUTUBE.COM/@CONCEJOMUNICIPAL_MULCHEN,No
8306,NACIMIENTO,Entre 50 y menos de 100,Entre 50 y menos de 100,155,CMET,2023,240,No,Si,Si,Si,Si,Si,Si,Si,No,EXTERNO,SMC,No,No,No,No,No,No aplica,No,No,No,No,No,Si,No,Si,Si,Si,Facebook,MUNICIPALIDAD DE NACIMIENTO,FACEBOOK.COM/MUNICIPALIDAD DE NACIMIENTO,No
8307,NEGRETE,Entre 20 y menos de 50,Entre 20 y menos de 50,61,ENTEL,2023,62,Si,Si,Si,Si,Si,Si,Si,Si,Si,EXTERNO,SMC,Si,Si,No,No,No,No aplica,No,No,No,Si,Si,Si,No,Si,Si,Si,Youtube,@CONCEJOMUNICIPALNEGRETE,YOUTUBE.COM/@CONCEJOMUNICIPALNEGRETE,No
8308,QUILACO,Entre 50 y menos de 100,Entre 50 y menos de 100,30,PACIFICO CABLE SPA,2024 - 5 equipos,87,Si,Si,Si,Si,Si,Si,Si,Si,No,EXTERNO,CAS CHILE - CODING 12,Si,Si,No,Si,Si,GOB - PRIVADA,No,Si,Si,Si,Si,Si,Si,Si,Si,Si,Youtube,MUNICIPALIDADQUILACO.CL,HTTPS://WWW.YOUTUBE.COM/@SESIONESDECONCEJO,Si
8309,QUILLECO,Entre 50 y menos de 100,Entre 50 y menos de 100,68,ENTEL,2023,5,Si,Si,Si,Si,No,Si,Si,Si,No,EXTERNO,CMC SPA,Si,Si,Si,Si,No,PRIVADA,No,No,No,Si,Si,Si,No,Si,Si,Si,Web municipal,No aplica,WWW.MUNICIPALIDADQUILLECO.CL,Si
8310,SAN ROSENDO,Más de 100,Más de 100,8,MUNDO PACÍFICO,2024,64,No,Si,Si,Si,No,Si,Si,Si,Si,EXTERNO,CAS CHILE - CODING 12,No,Si,Si,Si,Si,GOB - PRIVADA,Si,Si,Si,Si,No,No,No,No,No,Si,Facebook,COMUNICACIONES I.MUNICIPALIDAD DE SAN ROSENDO,HTTPS://WWW.FACEBOOK.COM/PROFILE.PHP?ID=100069341374033,No
8311,SANTA BÁRBARA,Más de 100,Más de 100,136,MUNDO PACÍFICO,2023 - 4 equipos,174,Si,Si,Si,Si,Si,Si,Si,Si,Si,EXTERNO,SMC,Si,Si,No,No,No,No aplica,No,No,No,Si,Si,Si,No,Si,No,Si,Youtube,@MUNICIPSANTABARBARA,HTTPS;//WWW.YOUTUBE.COM/@MUNICIPSANTABARBARA/STREAMS,No
8312,TUCAPEL,Más de 100,Más de 100,20,GTD,2023,105,No,Si,Si,Si,Si,Si,Si,Si,No,EXTERNO,SMC,No,Si,Si,No,No,GOB.,Si,No,No,Si,No,Si,No,No,Si,Si,Facebook,HTTPS://WWW.FACEBOOK.COM/MUNITUCAPEL,HTTPS://WWW.FACEBOOK.COM/WATCH/LIVE/?REF=WATCH_PERMALINK,Si
8313,YUMBEL,Más de 100,Más de 100,81,MUNDO PACÍFICO,2023 - 16 equipos,165,Si,Si,Si,Si,No,No,No,Si,No,EXTERNO,CAS CHILE,Si,No,No,No,No,No aplica,No,No,No,No,No,No,No,Si,No,Si,Web municipal - Facebook,FACEBOOK.COM/MUNICIPALIDADYUMBEL,FACEBOOK.COM/MUNICIPALIDADYUMBEL,Si
8314,ALTO BIOBÍO,Más de 100,Más de 100,48,ENTEL,2023,65,Si,Si,Si,Si,Si,Si,Si,Si,No,EXTERNO,SMC,Si,No,No,No,No,No aplica,No,No,No,No,No,No,No,No,No,Si,Web municipal - Facebook - Youtube,2. FACEBOOK; COMUNICACIONES INTERCULTURALES ALTO BIO BIO,YOUTUBE.COM/@CONCEJOMUNICIPALALTOBIOBIO,Si
9101,TEMUCO,Más de 100,Más de 100,0,GTD,2023,1800,No,Si,Si,Si,Si,Si,Si,Si,No,EXTERNO,SMC,No,Si,Si,No,Si,GOB - PRIVADA,No,No,No,Si,Si,Si,Si,No,No,Si,Youtube,@MUNICIPIOTEMUCO,WWW.YOUTUBE.COM/USER/TEMUCOWEBVIDEOS,Si
9102,CARAHUE,Entre 50 y menos de 100,Entre 50 y menos de 100,30,CTR,2023,80,No,Si,No,Si,Si,Si,Si,Si,No,EXTERNO,SMC,No,Si,Si,No,Si,GOB.,No,Si,Si,Si,No,Si,Si,No,Si,Si,Facebook,MUNICIPALIDAD DE CARAHUE,CARAHUE.CL,No
9103,CUNCO,Entre 50 y menos de 100,Entre 50 y menos de 100,No recepcionado,GTD,2023,300,No,Si,Si,Si,Si,Si,Si,Si,No,PROPIO,No Aplica,No,No,No,No,No,No aplica,No,No,No,Si,No,Si,No,No,No,Si,Youtube,YOUTUBE,HTTPS://WWW.YOUTUBE.COM/@MUNIDECUNCO2868,No
9104,CURARREHUE,Más de 100,Más de 100,20,OTRO,2016 - 20 equipos,60,No,Si,Si,Si,Si,Si,Si,Si,Si,EXTERNO,CAS CHILE,No,Si,Si,Si,Si,GOB.,No,Si,Si,Si,No,Si,Si,No,Si,Si,Web municipal,No aplica,CURARRREHUE.CL/SESIONES-DE-CONCEJO-MUNICIPAL-ONLIVE,No
9105,FREIRE,Más de 100,Más de 100,25,MUNDO PACÍFICO,2023 - 30 equipos,200,Si,Si,Si,Si,Si,Si,Si,Si,No,PROPIO,No Aplica,Si,Si,No,Si,No,PRIVADA,No,No,No,Si,No,Si,No,Si,No,Si,Facebook,FACEBOOK.COM/MUNIFREIRE,FACEBOOK.COM/LIVE_VIDEOS,No
9106,GALVARINO,Más de 100,Más de 100,0,CTR,2020,120,Si,Si,Si,Si,Si,Si,Si,Si,No,EXTERNO,SMC,No,No,No,No,No,No aplica,Si,Si,Si,Si,No,Si,No,Si,Si,No,No aplica,"INFORMACION PUBLICA LOCAL, RADIO E INTERNET",No aplica,No
9107,GORBEA,Más de 100,Más de 100,40,GTD,2023 - 1 equipo,250,No,Si,Si,Si,Si,Si,No,No,No,EXTERNO,CRECIC,No,No,No,Si,No,No aplica,No,No,No,No,No,Si,No,Si,No,Si,Youtube,@MUNICIPIOGORBEA,WWW.YOUTUBE.COM/@MUNICIPIOGORBEA,No
9108,LAUTARO,Más de 100,Más de 100,283,GTD,2023,382,Si,Si,Si,Si,Si,Si,Si,Si,No,EXTERNO,SMC,Si,Si,No,No,No,No aplica,No,No,No,Si,Si,Si,Si,Si,Si,Si,Web municipal - Facebook - Youtube,YOUTUBE,HTTPS://WWW.YOUTUBE.COM/WATCH?V=DI9,Si
9109,LONCOCHE,Entre 50 y menos de 100,Entre 50 y menos de 100,84,GTD,20 equipos,135,No,Si,Si,Si,No,Si,No,No,Si,EXTERNO,CRECIC,No,Si,No,No,Si,GOB.,No,No,No,Si,No,Si,Si,Si,Si,Si,Facebook,MUNICIPALIDAD LONCOCHE CHILE,HTTPS://WWW.FACEBOOK.COM/MUNICIPIOLONCOCHE?LOCALE=ES_LA,No
9110,MELIPEUCO,Entre 20 y menos de 50,Más de 100,95,OTRO,9 equipos,125,Si,Si,Si,Si,Si,No,Si,No,No,EXTERNO,CAS CHILE,No,No,No,No,No,No aplica,No,No,No,No,No,No,Si,No,Si,Si,Facebook,@MUNIMELIPEUCO,FACEEBOOK.COM/MUNIMELIPEUCO,No
9111,NUEVA IMPERIAL,Entre 50 y menos de 100,Entre 50 y menos de 100,170,MOVISTAR,2023,210,Si,Si,No,Si,Si,Si,Si,Si,No,EXTERNO,SMC,Si,Si,Si,Si,Si,GOB.,No,Si,Si,Si,No,Si,No,Si,No,Si,Facebook - Youtube,MUNICIPALIDAD DE NUEVA IMPERIAL,HTTPS://FB.WATCH/PTIV_E2IWW/?MIBEXTID=UYTHKB,No
9112,PADRE LAS CASAS,Más de 100,Más de 100,128,GTD,59 equipos,346,Si,Si,Si,Si,Si,Si,Si,Si,No,PROPIO - EXTERNO,SMC,Si,Si,No,No,Si,GOB.,No,Si,Si,Si,No,Si,Si,Si,No,Si,Facebook,FB.COM/MUNICIPIOPADRELASCASAS,FB.COM/MUNICIPIOPADRELASCASAS,Si
9113,PERQUENCO,Más de 100,Más de 100,99,GTD,2023,143,No,Si,Si,Si,No,Si,Si,No,No,EXTERNO,CAS CHILE,No,No,No,Si,No,No aplica,No,No,No,Si,No,No,No,Si,No,Si,Web municipal - Facebook,HTTPS://WWW.FACEBOOK.COM/MUNIPERQUENCO,/HTTPS://WWW.PERQUENCO.CL/CONCEJO-MUNICIPAL,No
9114,PITRUFQUÉN,Más de 100,Más de 100,50,GTD,2023 - 25 equipos,150,Si,Si,Si,Si,Si,Si,Si,Si,No,EXTERNO,CAS CHILE,Si,No,Si,Si,Si,PRIVADA,No,Si,No,Si,Si,Si,Si,Si,Si,Si,Web municipal - Facebook,FACEBOOK.COM/MUNICIPALIDADPITRUFQUEN,FACEBOOK.COM/MUNICIPALIDADPITRUFQUEN,Si
9115,PUCÓN,Más de 100,Más de 100,231,GTD,2023 - 53 equipos,347,Si,Si,Si,Si,Si,Si,Si,No,No,EXTERNO,CAS CHILE,Si,No,Si,Si,No,No aplica,No,No,No,No,Si,Si,No,No,No,Si,Web municipal - Youtube,@CONCEJOMUNICIPALPUCON,HTTPS://MUNICIPALIDADPUCON.CL/?PAGE_ID=24094,Si
9116,SAAVEDRA,Más de 100,Más de 100,60,GTD,2023,140,No,Si,No,Si,Si,Si,Si,No,No,EXTERNO,CAS CHILE,Si,Si,No,No,No,No aplica,No,No,No,Si,No,Si,Si,Si,No,Si,Web municipal - Facebook - Youtube,CANAL 8 SAAVEDRA,HTTPS://WWW.YOUTUBE.COM/PLAYLIST?LIST=PLH58W-14WLB1EBCRA6UN4PTGEUTUJOZ2UHTTPS://WWW.FACEBOOK.COM/CANAL8SAAVEDRA,No
9117,TEODORO SCHMIDT,Entre 50 y menos de 100,Entre 50 y menos de 100,2,MOVISTAR,2021,158,Si,Si,No,Si,Si,Si,Si,Si,No,EXTERNO,SMC,No,Si,No,No,No,No aplica,No,No,No,No,No,No,No,No,No,Si,Facebook,MUNITEODORO,WWW.FACEBOOK.COM/MUNITEODORO,No
9118,TOLTÉN,Más de 100,Más de 100,38,CTR,2023 - 5 equipos,73,Si,Si,No,Si,No,Si,Si,Si,No,EXTERNO,CAS CHILE,Si,No,No,No,No,No aplica,No,Si,Si,Si,No,No,Si,Si,No,Si,Facebook,HTTPS://WWW.FACEBOOK.COM/MUNICIPALIDADTOLTEN,HTTPS://WWW.FACEBOOK.COM/WATCH/LIVE/?REF=WATCH_PERMALINK,No
9119,VILCÚN,Más de 100,Más de 100,No recepcionado,MOVISTAR,2023,200,Si,Si,Si,Si,Si,Si,Si,Si,No,EXTERNO,SMC,Si,Si,Si,No,No,No aplica,No,Si,No,No,Si,Si,No,Si,No,Si,Facebook,HTTPS://WWW.FACEBOOK.COM/MUNICIPALIDADVILCUN,HTTPS://WWW.FACEBOOK.COM/MUNICIPALIDADVILCUN/VIDEOS,No
9120,VILLARRICA,Más de 100,Más de 100,130,GTD,2023,400,No,Si,Si,Si,Si,Si,Si,No,No,EXTERNO,CAS CHILE,No,No,No,No,Si,GOB.,No,No,No,No,No,Si,No,No,No,Si,Youtube,MUNIVILLARRICA,MUNIVILLARRICA.CL/CONCEJO-MUNICIPAL,Si
9121,CHOLCHOL,Entre 50 y menos de 100,Entre 50 y menos de 100,80,GTD,2023,119,Si,Si,Si,Si,Si,Si,Si,No,No,EXTERNO,TELSUR,Si,No,No,No,No,No aplica,No,No,No,Si,No,Si,Si,Si,Si,Si,Youtube,YOUTUBE,YOUTUBE,Si
9201,ANGOL,Entre 10 y menos de 20,Más de 100,100,ENTEL,2023 - 16 equipos,200,Si,Si,Si,Si,Si,Si,Si,Si,Si,EXTERNO,CAS CHILE,Si,Si,Si,Si,Si,PRIVADA,Si,No,No,No,Si,No,Si,Si,Si,Si,Web municipal - Facebook - Youtube,"FACEBOOK, YOUTUBE",HTTPS://WWW.FACEBOOK.COM/WATCH/LIVE/?REF=WATCH_PERMALINK,Si
9202,COLLIPULLI,Entre 50 y menos de 100,Entre 50 y menos de 100,160,GTD,2023,217,Si,Si,Si,Si,No,Si,Si,Si,No,EXTERNO,CAS CHILE,Si,No,No,No,No,GOB.,No,No,No,No,Si,Si,No,No,Si,Si,Facebook,MUNICIPALIDAD DE COLLIPULLI,WWW.FACEBOOK.COM/MUNICIPIOCOLLIPULLI,Si
9203,CURACAUTÍN,Entre 50 y menos de 100,Entre 50 y menos de 100,Menos de 50,GTD,2023,170,No,Si,Si,Si,Si,Si,No,No,No,EXTERNO,CRECIC,No,No,No,No,No,No aplica,No,No,No,No,No,Si,No,No,No,Si,Facebook,MUNICIPALIDAD DE CURACAUTIN,WWW.MCURAACUTIN.CL,Si
9204,ERCILLA,Entre 20 y menos de 50,Entre 20 y menos de 50,48,GTD,2024 - 5 equipos,63,No,Si,Si,Si,Si,Si,Si,No,No,EXTERNO,intesis,No,No,No,No,No,No aplica,No,No,No,No,No,Si,No,Si,No,Si,Web municipal,MUNICIPALIDAD DE ERCILLA,WWW.FACEBOOK.COM/MUNICIPIO.ERCILLA,No
9205,LONQUIMAY,Entre 50 y menos de 100,Entre 50 y menos de 100,10,MOVISTAR - DIGITAL ING. SPA,2024 - 5 equipos,110,Si,Si,Si,Si,Si,Si,Si,Si,No,EXTERNO,SMC,Si,Si,No,No,No,No aplica,No,No,No,No,No,Si,No,Si,Si,Si,Youtube,YOUTUBE,WWW.YOUTUBE.COM/@MLONQUIMAY,No
9206,LOS SAUCES,Entre 50 y menos de 100,Entre 50 y menos de 100,80,ENTEL,14 equipos,140,Si,Si,Si,Si,No,Si,No,Si,No,EXTERNO,CAS CHILE,Si,No,No,No,No,No aplica,No,No,No,No,No,No,No,No,No,Si, Facebook - Youtube,CANAL 8 LOS SAUCES,FACEBOOK.COM/LOSSAUCESTV,No
9207,LUMACO,Entre 10 y menos de 20,Entre 20 y menos de 50,15,ENTEL,2023,55,Si,Si,Si,Si,Si,Si,Si,No,No,EXTERNO,SMC,Si,No,Si,Si,No,No aplica,No,No,No,No,No,No,No,No,No,Si,Facebook,MUNICIPALIDAD DE LUMACO,HTTP://WWW.FACEBOOK.COM/MUNICIPALIDADLUMACO/ABOUT,Si
9208,PURÉN,Más de 100,Más de 100,60,MUNDO PACÍFICO,2023,120,No,Si,Si,Si,Si,Si,No,Si,No,EXTERNO,CRECIC,Si,Si,No,No,No,No aplica,No,No,No,Si,No,Si,No,No,No,Si,Facebook,MUNICIPALIDAD DE PUREN,No aplica,No
9209,RENAICO,Más de 100,Entre 50 y menos de 100,60,MOVISTAR-GTD,5 equipos,113,Si,Si,Si,Si,No,No,Si,No,No,EXTERNO,CAS CHILE,Si,No,No,Si,No,PRIVADA,No,No,No,Si,No,Si,No,Si,No,Si,Web municipal - Facebook - Youtube,FACEBOOK.COM/MUNICIPALIDADDERENAICO,HTTPS://WWW.FACEBOOK.COM/MUNICIPALIDADRENAICO/?LOCALE=ES_LA,No
9210,TRAIGUÉN,Más de 100,Más de 100,100,GTD,2023,200,No,Si,Si,Si,Si,Si,Si,No,No,EXTERNO,SMC,No,No,No,No,No,No aplica,No,No,No,No,No,Si,Si,Si,Si,Si,Facebook,MUNITRAIGUEN,FACEBOOK.COM/MUNITRAIGUE,No
9211,VICTORIA,Más de 100,Más de 100,10,GTD,2022,170,Si,Si,Si,Si,No,Si,No,No,No,EXTERNO,CRECIC,Si,No,No,No,No,No aplica,No,No,No,No,No,Si,No,Si,Si,Si,Web municipal - Facebook,WWW.VICTORIACHILE.CL HTTPS://WWW.FACEBOOK.COM/VICTORIACHILE?LOCALE=ES_LA,WWW.VICTORIACHILE.CLHTTPS://WWW.FACEBOOK.COM/VICTORIACHILE?LOCALE=ES_LA,No
10101,PUERTO MONTT,Más de 100,Más de 100,500,GTD,2023 - 60 equipos,900,Si,Si,Si,Si,Si,Si,Si,Si,No,EXTERNO,PROEXSI,Si,Si,Si,No,Si,GOB.,Si,Si,Si,Si,No,Si,No,No,Si,Si,Youtube,"CANAL YOUTUBE, WWW.YOUTUBE.COM/MUNITVPUERTO MONTT",WWW.YOUTUBE.COM/MUNITVPUERTOMONTT/VIDEOS,Si
10102,CALBUCO,Entre 50 y menos de 100,Entre 50 y menos de 100,27,GTD,2023,127,No,Si,Si,Si,Si,Si,Si,Si,No,EXTERNO,CAS CHILE,No,No,No,Si,No,No aplica,No,No,No,Si,Si,Si,No,Si,Si,Si,Web municipal - Youtube - Facebook,HTTPS://WWW.FACEBOOK.COM/MUNICIPALIDADCALBUCOHTTPS://WWW.YOUTUBE.COM/@MUNICALBUCO,HTTPS://WWW.FACEBOOK.COM/MUNICIPALIDADCALBUCOHTTPS://WWW.YOUTUBE.COM/@MUNICALBUCO,No
10103,COCHAMÓ,Entre 10 y menos de 20,Entre 10 y menos de 20,10,TELDATA,2023,85,Si,Si,Si,Si,No,Si,Si,No,Si,PROPIO,No recepcionado,Si,No,Si,Si,No,No aplica,No,No,No,No,No,No,Si,No,No,Si,Facebook,MUNICIPALIDAD DE COCHAMO,ENLACE FACEBOOK,No
10104,FRESIA,Entre 50 y menos de 100,Entre 50 y menos de 100,60,GTD,2023,140,No,Si,No,Si,Si,No,Si,No,No,PROPIO,SMC,No,No,No,No,No,No aplica,No,No,No,No,No,Si,No,Si,Si,Si,Youtube,@MUNICIPALIDADDEFRESIA6501,HTTPS://WWW.YOUTUBE.COM/PLAYLIST?LIST=PLW3OQK6GTXXX3LKZEHH3WBBH7ZRRSJNS-,No
10105,FRUTILLAR,Entre 20 y menos de 50,Entre 20 y menos de 50,20,GTD,2023,135,Si,Si,Si,Si,Si,Si,Si,No,No,PROPIO,SMC,Si,No,No,Si,No,No aplica,No,No,No,No,No,Si,No,Si,No,Si,Web municipal - Facebook - Youtube,@MUNICIPALIDAD FRUTILLAR,HRRPS://WWW.YOUTUBE.COM/@MUNICIPALIDADFRUTILLAR,No
10106,LOS MUERMOS,Entre 50 y menos de 100,Entre 50 y menos de 100,56,ENTEL,2023,81,Si,Si,No,Si,Si,Si,Si,Si,No,PROPIO,PROPIO,Si,Si,No,No,No,No aplica,No,Si,Si,Si,No,No,Si,Si,No,Si,Web municipal - Facebook - Youtube,FACEBOOK MUNICIPALIDAD DE LOS MUERMOS,HTTPS://WWW.FACEBOOK.COM/MUNI.MUERMOS,Si
10107,LLANQUIHUE,Más de 100,Más de 100,No recepcionado,GTD,2024,108,Si,Si,No,Si,No,No,Si,No,No,EXTERNO,SMC,Si,No,No,No,No,No aplica,No,No,No,No,No,No,No,No,No,Si,Facebook,ILUSTRE MUNICIPALIDAD DE LLANQUIHUE,HTTPS://WWW.FACEBOOK.COM/MUNICIPALIDADLLANQUIHUE/?LOCALE=ES_LA,No
10108,MAULLÍN,Más de 100,Más de 100,71,GTD,2023,141,Si,Si,Si,Si,Si,Si,Si,No,No,EXTERNO,SMC,No,Si,No,Si,No,No aplica,No,No,Si,No,No,Si,Si,Si,No,Si,Facebook  - Youtube,YOUTUBE:MUNICIPALIDAD MAULLINFACEBOOK: MUNICIPALIDAD DE MAULLIN,WWW.FACEBOOK.COM/MUNICIPALIDADDEMAULLINWWW.YOUTUBE.COM/@MUNIMAULLIN,No
10109,PUERTO VARAS,Más de 100,Más de 100,163,GTD,2024 - 20 equipos,272,No,Si,Si,Si,Si,Si,Si,Si,No,EXTERNO,CAS CHILE,Si,No,No,No,Si,GOB.,No,Si,No,No,No,Si,No,No,No,Si,Web municipal,PUERTOVARASINFORMA,HTTPS//FACEBOOK.COM/PUERTOVARASINFORMA,No
10201,CASTRO,Más de 100,Más de 100,160,GTD,2024,400,No,Si,No,No,Si,Si,Si,Si,Si,EXTERNO,SMC,No,Si,Si,Si,Si,GOB.,No,Si,Si,Si,No,Si,No,Si,Si,Si,Facebook  - Youtube,FACEBOOK: CASTRO MUNICIPIO - YOUTUBE: CASTRO MUNICIPIO,HTTPS://WWW.CASTROENLINEA.CL/CONTACTO/CONCEJOS.PHP,No
10202,ANCUD,Más de 100,Más de 100,110,GTD,2024 - 1 equipo,255,Si,Si,No,No,Si,Si,Si,Si,Si,EXTERNO,SMC,Si,Si,No,Si,Si,GOB.,No,Si,Si,Si,Si,Si,No,No,No,Si,Youtube,@MUNIANCUD,HTTPS://WWW.MUNIANCUD.CL/PORTAL/CONCEJO-MUNICIPAL/CONCEJO-ONLINE,Si
10203,CHONCHI,Más de 100,Más de 100,138,GTD,2023,170,No,Si,No,No,Si,Si,Si,Si,Si,EXTERNO,SMC,No,Si,Si,Si,No,PRIVADA,Si,Si,Si,Si,Si,Si,No,Si,Si,Si,Web municipal - Facebook,ILUSTRE MUNICIPALIDAD DE CHONCHI,FACEBOOK.COM/MUNICIPALIDADCHONCHI/VIDEOS,No
10204,CURACO DE VÉLEZ,Entre 20 y menos de 50,Entre 20 y menos de 50,30,GTD,2023,100,Si,Si,No,No,Si,Si,Si,No,Si,EXTERNO,SMC,Si,No,No,No,No,No aplica,No,Si,No,No,No,No,No,No,No,Si,Youtube,YOUTUBE/CURACODEVELEZ,YOUTUBE.COM/MUNICURACODEVELEZ,No
10205,DALCAHUE,Entre 50 y menos de 100,Entre 50 y menos de 100,122,GTD,2023,169,No,Si,No,No,Si,Si,Si,Si,Si,EXTERNO,SMC,Si,No,No,No,No,Ninguna,No,Si,Si,No,No,Si,No,Si,Si,Si,Youtube,@CONCEJODALCAHUE9151,HTTPS://WWW.YOUTUBE.COM/@CONCEJODALCAHUE9151,No
10206,PUQUELDÓN,Entre 50 y menos de 100,Entre 50 y menos de 100,20,GTD,2023 - 6 equipos,100,Si,Si,No,No,Si,Si,No,No,No,EXTERNO,CAS CHILE,Si,No,No,Si,No,PRIVADA,No,No,No,Si,No,Si,Si,Si,No,Si,Facebook,MUNICIPALIDADDEPUQUELDON,FACEBOOK/MUNICPALIDADPUQUELDON,No
10207,QUEILÉN,Menos de 10,Entre 10 y menos de 20,45,GTD,2023,70,Si,Si,No,No,Si,Si,Si,No,No,EXTERNO,CAS CHILE,Si,No,No,No,No,No aplica,No,No,No,Si,No,No,No,No,Si,Si,Facebook - Youtube,INFORMATICA TRANSPARENCIA,HTTPS://WWW.YOUTUBE.COM/@INFORMATICATRANSPARENCIA6514,No
10208,QUELLÓN,Entre 20 y menos de 50,Entre 20 y menos de 50,84,GTD,20 equipos,148,No,Si,No,No,Si,Si,Si,Si,No,EXTERNO,SMC,No,Si,No,No,No,No aplica,No,No,No,Si,No,No,No,No,No,Si, Facebook - Youtube,FACEBOOK - YOUTUBE,HTTPS://WWW.FACEBOOK.COM/MUNIQUELLON/?LOCALE=ES LAHTTPS://WWW.YOUTUBE.COM/@MUNICIPALIDADQUELLON,No
10209,QUEMCHI,Más de 100,Más de 100,82,GTD,2023,113,Si,Si,Si,Si,Si,Si,Si,No,No,EXTERNO,SMC,Si,No,No,No,No,GOB.,No,Si,No,No,No,No,No,Si,Si,Si,Youtube,YT: MUNI.QUEMCHI,FACEBOOK.COM/MUNICIPALIDADQUEMCHI,Si
10210,QUINCHAO,Entre 50 y menos de 100,Entre 50 y menos de 100,97,GTD,2022-33 equipos,156,No,Si,No,No,Si,Si,Si,No,Si,EXTERNO,CAS CHILE,No,No,No,Si,No,No aplica,No,No,No,No,No,Si,No,No,No,Si,Facebook,MUNIQUINCHAO,FACEBOOK.COM/MUNIQUINCHAO,No
10301,OSORNO,Más de 100,Más de 100,120,GTD,2022-12 equipos,600,Si,Si,Si,Si,Si,Si,Si,Si,Si,EXTERNO,SMC,Si,Si,No,No,Si,GOB.,No,No,No,Si,No,Si,Si,Si,Si,Si,Web municipal - Facebook - Youtube,HTTPS://WWW.YOUTUBE.COM/@MUNICIPALIDADOSORNO,HTTPS://WWW.MUNICIPALIDADOSORNO.CL/VIDEOS.PHP,Si
10302,PUERTO OCTAY,Entre 10 y menos de 20,Entre 10 y menos de 20,36,GTD,2023,70,Si,Si,Si,Si,No,Si,Si,No,No,EXTERNO,SMC,Si,No,No,Si,Si,GOB.,No,No,No,No,No,No,No,No,No,Si,Facebook,@MUNIPUERTOOCTAY,WWW.FACEBOOK.COM/MUNIPUERTOOCTAY,No
10303,PURRANQUE,Más de 100,Más de 100,0,GTD,2023 - 7 equipos,141,Si,Si,Si,Si,Si,Si,Si,Si,Si,EXTERNO,SMC,Si,Si,Si,Si,Si,GOB - PRIVADA,No,Si,Si,Si,Si,Si,Si,Si,Si,Si,Youtube,YOUTUBE.COM/MUNIPURRANQUE,YOUTUBE.COM/@MUNIPURRANQUE6276/STREAMS,No
10304,PUYEHUE,No recepcionado,No recepcionado,No recepcionado,No recepcionado,No recepcionado,No recepcionado,No recepcionado,No recepcionado,No recepcionado,No recepcionado,No recepcionado,No recepcionado,No recepcionado,No recepcionado,No recepcionado,No recepcionado,No recepcionado,No recepcionado,No recepcionado,No recepcionado,No recepcionado,No recepcionado,No recepcionado,No recepcionado,No recepcionado,No recepcionado,No recepcionado,No recepcionado,No recepcionado,No recepcionado,No recepcionado,No recepcionado,No recepcionado,No recepcionado,No recepcionado,No recepcionado,No recepcionado
10305,RÍO NEGRO,Más de 100,Más de 100,50,GTD,2023 - 7 equipos,75,No,Si,Si,Si,Si,Si,Si,No,No,EXTERNO,SMC,No,No,No,No,No,No aplica,No,No,No,No,No,No,No,No,No,Si,Facebook - Youtube,MUNICIPALIDAD DE RIO NEGRO,HTTPS://WWW.YOUTUBE.COM/@CONCEJOMUNICIPALRIONEGRO8565/STREAMING,Si
10306,SAN JUAN DE LA COSTA,Entre 50 y menos de 100,Entre 50 y menos de 100,115,ENTEL,2023,144,Si,Si,Si,Si,No,Si,Si,Si,No,EXTERNO,SMC,Si,No,No,No,No,No aplica,No,No,No,No,No,Si,No,No,No,Si,Youtube,MUNIC. SAN JUAN DE LA COSTA,HTTPS://WWW.YOUTUBE.COM/PLAYLIST?LIST=PLF0_MRY8DQYDEY3Q0CTQ4DVJPVWDUF-SX,No
10307,SAN PABLO,No aplica,No aplica,No recepcionado,No aplica,No aplica,No aplica,Si,Si,Si,Si,Si,Si,Si,Si,Si,No aplica,No aplica,Si,No,No,No,No,No aplica,No,No,No,No,No,No,No,No,No,No,No aplica,No aplica,No aplica,No
10401,CHAITÉN,Entre 50 y menos de 100,Entre 50 y menos de 100,83,GTD,2022,98,No,Si,Si,Si,Si,Si,No,No,No,EXTERNO,CAS CHILE,No,No,No,No,No,No aplica,No,No,No,No,No,No,No,Si,Si,Si,Facebook,MUNICIPALIDAD CHAITEN,HTTPS://WWW.FACEBOOK.COM/SHARE/V/ZLCYVEY7USHHQKWV/?,No
10402,FUTALEUFÚ,Entre 50 y menos de 100,Entre 50 y menos de 100,62,GTD,2023,105,Si,Si,Si,Si,Si,Si,Si,No,No,EXTERNO,CAS CHILE,Si,No,Si,Si,No,GOB.,No,No,No,No,No,Si,No,Si,Si,Si,Web municipal - Facebook - Instagram,FACEBOOKWWW.FUTALEUFU.CL,WWW.FUTALEUFU.CL,Si
10403,HUALAIHUÉ,Más de 100,Entre 50 y menos de 100,40,GTD,2023,131,Si,Si,Si,No,No,Si,Si,No,No,EXTERNO,SMC,Si,No,No,No,No,No aplica,No,No,No,No,No,Si,No,No,No,Si,Facebook,ILUSTRE MUNICIPALIDAD DE HUALAIHUÉ,"WWW,FACEBOOK.COM/HUALAIHUECOMUNAHTTPS://WWW.MUNICIPALIDADHUALAIHUE.CL/CONCEJOS-MUNICIPALES-2023",No
10404,PALENA,Entre 10 y menos de 20,Entre 10 y menos de 20,6,GTD,2023,45,No,Si,Si,Si,Si,Si,Si,No,No,EXTERNO,SMC,No,No,No,No,No,Ninguna,No,No,No,No,No,No,No,No,No,Si,Facebook,ILUSTRE MUNICIPALIDAD PALENA,HTTPS://WWW.FACEBOOK.COM/MUNIPALENA,No
11101,COYHAIQUE,Más de 100,Más de 100,202,GTD,2023 - 28 equipos,320,Si,Si,Si,No,Si,Si,Si,Si,Si,EXTERNO,CAS CHILE,Si,Si,Si,Si,No,PRIVADA,No,No,No,Si,No,Si,No,Si,Si,Si,Youtube,@COYHAIQUECAPITAL,HTTPS://WWW.YOUTUBE.COM/@COYHAIQUECAPITAL,No
11102,LAGO VERDE,No recepcionado,No recepcionado,No recepcionado,No recepcionado,No recepcionado,No recepcionado,No recepcionado,No recepcionado,No recepcionado,No recepcionado,No recepcionado,No recepcionado,No recepcionado,No recepcionado,No recepcionado,No recepcionado,No recepcionado,No recepcionado,No recepcionado,No recepcionado,No recepcionado,No recepcionado,No recepcionado,No recepcionado,No recepcionado,No recepcionado,No recepcionado,No recepcionado,No recepcionado,No recepcionado,No recepcionado,No recepcionado,No recepcionado,No recepcionado,No recepcionado,No recepcionado,No recepcionado
11201,AYSÉN,Más de 100,Más de 100,275,GTD,2024,403,Si,Si,Si,No,Si,Si,Si,Si,Si,PROPIO - EXTERNO,CASCHILE - CODING12 - GEOVICTORIA BACKLINE,Si,Si,Si,Si,Si,GOB - PRIVADA,Si,Si,Si,Si,Si,Si,Si,Si,Si,Si,Youtube,HTTPS://WWW.YOUTUBE.COM/@MUNIAYSEN,HTTPS://WWW.YOUTUBE.COM/@MUNIAYSEN/VIDEOS,Si
11202,CISNES,Más de 100,Más de 100,50,GTD,2024 - 6 equipos,150,No,Si,Si,No,Si,Si,Si,No,No,PROPIO - EXTERNO,CAS CHILE,No,No,No,No,No,Ninguna,No,No,No,Si,No,Si,Si,Si,Si,Si,Youtube,YOUTUBE.CL/PUBLICACION EN REDES,@MUNICIPALIDADDECISNES5467,No
11203,GUAITECAS,Más de 100,Entre 20 y menos de 50,52,GTD - STARLINK,2023 - 8 equipos,67,Si,Si,No,No,Si,Si,Si,Si,No,PROPIO - EXTERNO,SMC,Si,No,No,Si,No,No aplica,No,No,No,Si,No,Si,Si,Si,No,Si,Youtube,CONCEJO MUNICIPAL GUAITECAS,HTTPS://WWW.YOUTUBE.COM/@CONCEJOMUNICIPALGUAITECAS,No
11301,COCHRANE,Entre 50 y menos de 100,Entre 50 y menos de 100,19,GTD,12 equipos,86,Si,Si,Si,No,Si,Si,No,No,No,EXTERNO,CAS CHILE,No,No,No,No,No,No aplica,No,No,No,No,No,Si,Si,Si,No,Si,Youtube,//@ILUSTREMUNICIPALIDADCOCHRANE,ILUSTRE MUNICIPALIDAD DE COCHRANE,Si
11302,O´HIGGINS,Entre 10 y menos de 20,Más de 100,10,INGBELL CHILE SPA,2023 - 14 equipos,90,No,Si,Si,No,No,Si,No,No,No,PROPIO,No Aplica,No,No,No,Si,No,PRIVADA,No,No,No,No,No,Si,Si,Si,No,Si,Web municipal - Youtube,YOUTUBE@CONCEJOMUNICIPALIDADOHIGGINS.CL,WWW.MUNICIPALIDADOHIGGINS.CL,No
11303,TORTEL,Entre 20 y menos de 50,Entre 50 y menos de 100,14,OTRO,2023,7,Si,Si,Si,No,Si,No,No,No,No,PROPIO,No Aplica,Si,No,No,Si,No,No aplica,No,No,No,No,No,No,Si,Si,Si,No,No aplica,No aplica,No aplica,Si
11401,CHILE CHICO,Más de 100,Más de 100,15,SILICA,6 equipos,60,Si,Si,Si,No,Si,Si,Si,Si,Si,EXTERNO,CAS CHILE,Si,No,No,No,No,GOB.,No,No,No,No,No,Si,Si,Si,Si,Si,Facebook,ILUSTRE MUNICIPALIDAD DE CHILE - CHICO,HTTPS://WWW.FACEBOOK.COM/ILUSTREMUNICIPALIDADCHILECHICO/VIDEOS/815172217101641,No
11402,RÍO IBÁÑEZ,Más de 100,Más de 100,5,SILICA,2023 - 12 equipos,82,Si,Si,Si,No,No,Si,Si,No,No,EXTERNO,INTESIS,Si,No,No,Si,No,GOB - PRIVADA,No,No,No,Si,Si,Si,Si,Si,Si,Si,Web municipal - Youtube,HTTPS://WWW.YOUTUBE.COM/@MUNICIPALIDADDERIOIBANEZ5771,HTTPS://RIOIBANEZ.CL,No
12101,PUNTA ARENAS,Entre 50 y menos de 100,Entre 50 y menos de 100,88,MOVISTAR,2023 - 321 equipos,460,Si,Si,No,No,Si,Si,Si,Si,No,EXTERNO,CAS CHILE,Si,No,Si,Si,Si,GOB.,No,Si,No,Si,No,Si,No,No,No,Si,Facebook,MUNI.PUQ,HTTPS:// WWW.PUNTAARENAS.CL/MUNICIPIO/ACTAS-CONCEJO,No
12102,LAGUNA BLANCA,Entre 50 y menos de 100,Entre 10 y menos de 20,35,MOVISTAR,2023 -  equipos,33,Si,Si,Si,Si,Si,Si,Si,No,No,EXTERNO,No recepcionado,Si,No,No,Si,No,No aplica,No,No,No,Si,No,Si,No,Si,No,Si, Facebook - Youtube,HTTPS://WWW.YOUTUBE.COM/@ILMUNILAGUNABLANCA,HTTPS://WWW.FACEBOOK.COM/MUNIVTEHUELCHES,No
12103,RÍO VERDE,Entre 20 y menos de 50,Entre 20 y menos de 50,30,MOVISTAR,2023 - 10 equipos,70,No,Si,Si,Si,No,Si,Si,No,No,PROPIO,No Aplica,Si,Si,Si,Si,No,No aplica,No,Si,Si,Si,No,Si,Si,Si,Si,Si,Youtube,MUNICIPALIDAD DE RIO VERDE,HTTPS://YOUTUBE.COM/@MUNICIPALIDADDERIOVERDE7070?SI=MTTFQY7YXFH-OQCR,No
12104,SAN GREGORIO,Entre 50 y menos de 100,Entre 50 y menos de 100,1,STARLINE,2023,30,No,Si,Si,Si,Si,Si,Si,No,No,EXTERNO,GTD - CAS CHILE,No,No,No,No,No,No aplica,No,No,No,No,No,Si,No,Si,No,Si,Youtube,@MUNICIPIOSANGREGORIO,SANGREGORIO.CL/9757-2,No
12201,CABO DE HORNOS,Más de 100,Más de 100,8,CTR,2024 - 3 equipos,38,Si,Si,No,No,No,Si,Si,No,Si,EXTERNO,CAS CHILE,Si,No,No,Si,No,No aplica,No,Si,Si,No,No,Si,Si,Si,Si,Si,Youtube,No aplica,YOUTUBE.COM/IMCABODEHORNOS,No
12301,PORVENIR,Entre 50 y menos de 100,Entre 50 y menos de 100,63,MOVISTAR,2023,77,No,Si,Si,No,No,Si,Si,Si,No,EXTERNO,CAS CHILE,No,Si,Si,Si,Si,GOB.,No,Si,Si,Si,Si,No,No,No,No,Si,Facebook - Youtube,FACEBOOK.COM/MUNIPORVENIRCLYOUTOBE.COM/MUNIPORVENIRCL,YOUTOBE.COM/MUNIPORVENIR.CL,No
12302,PRIMAVERA,Menos de 10,Menos de 10,38,ENTEL,2023,56,No,Si,Si,No,Si,Si,Si,No,Si,EXTERNO,CAS CHILE,No,No,No,No,Si,GOB.,No,Si,Si,Si,No,Si,Si,Si,No,Si,Youtube,No aplica,No aplica,No
12303,TIMAUKEL,Entre 50 y menos de 100,Entre 20 y menos de 50,5,ENTEL,2023 - 7 equipos,32,Si,Si,Si,Si,Si,Si,Si,No,No,EXTERNO,CAS CHILE,Si,No,Si,No,No,No aplica,No,No,No,No,No,No,No,No,No,Si,Youtube,CONCEJOMUNICIPAL.TIMAUKEL,HTTPS://WWW.YOUTUBE.COM/@CONCEJOMUNICIPAL.TIMAUKEL.,No
12401,NATALES,Más de 100,Más de 100,140,MOVISTAR,2023 - 24 equipos,175,No,Si,Si,Si,Si,Si,Si,Si,No,EXTERNO,CAS CHILE,Si,Si,No,Si,No,No aplica,No,No,No,Si,No,No,Si,No,Si,Si, Facebook - Youtube,FACEBOOK: NATALES ILUSTRE MUNICIPALIDADYOUTUBE: MUNI NATALES,HTTPS://WWW.YOUTUBE.COM/@MUNINATALES100HTTPS://WWW.FACEBOOK.COM/NATALESILUSTREMUNICIPALIDAD,No
12402,TORRES DEL PAINE,Entre 50 y menos de 100,Entre 50 y menos de 100,44,MOVISTAR,2023 - 7 equipos,64,Si,Si,Si,Si,Si,Si,Si,Si,No,EXTERNO,CAS CHILE,Si,Si,Si,Si,Si,GOB.,No,Si,Si,Si,No,Si,No,Si,No,Si,Facebook,MUNITORRESDELPAINE,HTTPS://WWW.FACEBOOK.COM/MUNITORRESDELPAINE/VIDEOS,No
13101,SANTIAGO,Más de 100,Más de 100,1270,GTD,2023 - 80 equipos ,1628,Si,Si,Si,Si,Si,Si,Si,Si,No,PROPIO - EXTERNO,SMC,Si,Si,Si,Si,No,PRIVADA,No,Si,Si,Si,No,No,No,No,No,Si,Web municipal - Youtube,HTTPS://WWW.YOUTUBE.COM/@MUNISTGOVIDEOS,HTTPS://WWW.YOUTUBE.COM/PLAYLIST?LIST=PLXIDCWWKISSVY4YRQI9PYVMAB_3O01Y7_,Si
13102,CERRILLOS,Entre 50 y menos de 100,Entre 50 y menos de 100,700 aprox.,CLARO,2023 - 150 equipos,900,Si,Si,Si,No,Si,Si,Si,Si,No,EXTERNO,CAS CHILE,Si,Si,Si,Si,Si,PRIVADA,No,Si,Si,Si,No,Si,No,No,No,Si,Facebook,MUNICIPALIDAD DE CERRILLOS,HTTPS://WWW.FACEBOOK.COM/MUNICERRILLOS/VIDEOS?LOCALE=ES_LA,No
13103,CERRO NAVIA,Más de 100,Más de 100,150,MUNDO TELECOMUNIACIONES,2023,650,Si,Si,No,Si,Si,Si,Si,Si,Si,EXTERNO,CAS CHILE,Si,Si,Si,Si,Si,GOB.,No,Si,Si,No,Si,No,No,No,No,Si,Facebook,FACEBOOK CERRO NAVIA,HTTPS://WWW.FACEBOOK.COM/CERRONAVIACL?LOCALE=ES_LA,Si
13104,CONCHALÍ,Entre 50 y menos de 100,Entre 50 y menos de 100,250,GTD,2023,350,Si,Si,Si,Si,Si,Si,Si,Si,No,EXTERNO,SMC,Si,No,No,No,No,No aplica,Si,No,Si,Si,Si,No,Si,No,Si,Si,Web municipal - Facebook - Youtube,HTTP5://WWW.FACEBOOK.COM/MUNICONCHALI,HTTPS://WWW.YOUTUBE.COM/@TRANSMISIONESCONSEJOS3114,No
13105,EL BOSQUE,No recepcionado,No recepcionado,No recepcionado,No recepcionado,No recepcionado,No recepcionado,No recepcionado,No recepcionado,No recepcionado,No recepcionado,No recepcionado,No recepcionado,No recepcionado,No recepcionado,No recepcionado,No recepcionado,No recepcionado,No recepcionado,No recepcionado,No recepcionado,No recepcionado,No recepcionado,No recepcionado,No recepcionado,No recepcionado,No recepcionado,No recepcionado,No recepcionado,No recepcionado,No recepcionado,No recepcionado,No recepcionado,No recepcionado,No recepcionado,No recepcionado,No recepcionado,No recepcionado
13106,ESTACIÓN CENTRAL,Entre 50 y menos de 100,Entre 50 y menos de 100,260,MOVISTAR,2023,551,Si,Si,Si,No,Si,Si,Si,Si,No,EXTERNO,CAS CHILE,Si,Si,Si,Si,No,No aplica,No,Si,Si,Si,Si,Si,Si,No,Si,Si, Facebook - Youtube,MUNIECENTRAL,HTTPS://WWW.YOUTUBE.COM/@MUNICIPALIDADDEESTACIONCENTRAL830,No
13107,HUECHURABA,Más de 100,Más de 100,450,GTD TELESAT S.A.,2024 - 130 equipos,710,Si,Si,Si,Si,Si,Si,No,Si,No,EXTERNO,CAS CHILE,Si,No,No,No,No,No aplica,No,No,No,Si,Si,Si,No,Si,Si,Si,Web municipal,No aplica,WWW.HUECHURABA.CL,No
13108,INDEPENDENCIA,Más de 100,Más de 100,100 aprox.,MOVISTAR-ENTEL - MUNDO DE PACIFICO,30 pc 20 notebook,280,Si,Si,Si,Si,Si,Si,Si,No,No,PROPIO,No Aplica,Si,No,No,No,Si,GOB.,No,No,No,Si,No,Si,Si,Si,Si,Si,Facebook - Youtube - Instagram,MUNICIPALIDAD INDEPENDENCIA EN FACEBOOK,HTTPS://WWW.FACEBOOK.COM/M.INDEPENDENCIA,No
13109,LA CISTERNA,Entre 50 y menos de 100,Entre 50 y menos de 100,114,GTD,2024 -  50 equipos,400,Si,Si,Si,Si,No,Si,Si,Si,No,EXTERNO,SMC,Si,Si,Si,Si,No,No aplica,No,Si,Si,Si,No,Si,No,No,Si,Si,Youtube,CISTERNA TV,No aplica,Si
13110,LA FLORIDA,Más de 100,Más de 100,600,CLARO,2023,1100,Si,Si,No,No,Si,Si,Si,Si,No,EXTERNO,SMC,Si,Si,Si,Si,No,No aplica,Si,Si,Si,Si,Si,Si,Si,Si,Si,Si,Web municipal,No aplica,FACEBOOK.COM / MUNILAFLORIDA,No
13111,LA GRANJA,Más de 100,Entre 50 y menos de 100,320,MOVISTAR,2023,565,Si,Si,No,Si,Si,Si,Si,Si,No,EXTERNO,SMC,Si,Si,Si,No,No,No aplica,No,Si,Si,No,Si,Si,No,Si,No,Si,Facebook  - Youtube,VIDA BUENA TV,MUNICIPALIDADLAGRANJA.CL,Si
13112,LA PINTANA,Más de 100,Más de 100,689,CLARO,2023 - 89 equipos,778,Si,Si,Si,Si,Si,Si,Si,Si,No,EXTERNO,CAS CHILE - ZE COVERY,Si,Si,Si,No,Si,GOB.,No,Si,Si,Si,Si,Si,No,Si,No,Si,Facebook,"FACEBOOK, MUNICIPALIDAD DE LA PINTANA",HTTPS://WWW.FACEBOOK.COM/MUNIPINTANA,Si
13113,LA REINA,Entre 50 y menos de 100,Entre 50 y menos de 100,270,LIVISTER,2023,352,Si,Si,Si,Si,Si,Si,Si,No,No,EXTERNO,PROEXSI,Si,No,No,Si,No,No aplica,No,No,No,Si,No,Si,No,Si,No,Si,Facebook,FACEBOOK,FACEBOOK,No
13114,LAS CONDES,Más de 100,Más de 100,100,GTD,2023,1500,Si,Si,No,No,Si,Si,Si,Si,No,EXTERNO,PROEXSI,Si,Si,Si,Si,No,No aplica,No,Si,No,Si,Si,Si,Si,Si,Si,Si,Web municipal - Youtube,LAS CONDES TV,HTTPS://WWW.LASCONDES.CL/MUNICIPALIDAD/CONCEJO-MUNICIPAL.HTML,Si
13115,LO BARNECHEA,Más de 100,Más de 100,1110,GTD,2023,45,Si,Si,Si,Si,Si,Si,Si,Si,No,EXTERNO,SMC,Si,Si,Si,Si,Si,PRIVADA,Si,Si,Si,Si,Si,Si,Si,Si,Si,Si,Facebook,LO BARNECHEA,HTTPS://WWW.FACEBOOK.COM/MLOBARNECHEA,No
13116,LO ESPEJO,Más de 100,Más de 100,482,GTD,2023 - 53 equipos,580,Si,Si,Si,Si,No,Si,Si,Si,No,EXTERNO,SMC,Si,No,Si,Si,No,No aplica,No,No,No,No,No,No,No,No,No,Si,Facebook,MUNICIPALIDAD DE LO ESPEJO,HTTPS://WWW.FACEBOOK.COM/WATCH/MUNICIPALIDADLOESPEJO,No
13117,LO PRADO,Entre 50 y menos de 100,Entre 50 y menos de 100,320,GTD,2024 - 35 equipos,463,No,Si,No,No,Si,Si,Si,Si,No,EXTERNO,CAS CHILE,No,Si,Si,Si,Si,GOB - PRIVADA,No,Si,Si,Si,No,Si,No,Si,Si,Si,Youtube,WWW.YOUTUBE.COM/@MUNICIPALIDADLOPRADO,HTTPS://WWW.YOUTUBE.COM/@MUNICIPALIDADLOPRADO,Si
13118,MACUL,Más de 100,Más de 100,500,GTD,2022 - 19 equipos,529,No,Si,No,No,No,No,Si,Si,No,PROPIO,No Aplica,Si,Si,Si,Si,Si,GOB.,No,Si,Si,Si,Si,Si,No,No,Si,Si,Web municipal - Facebook - Youtube,WWW.MUNIMACUL.CLFACEBOOK.COM/MUNIMACULINTAGRAM.COM/MUNIMACUL,@MUNIMACULVIVEFELIZ,No
13119,MAIPÚ,Más de 100,Más de 100,626,CLARO,2023 -  240 equipos,1920,No,Si,Si,Si,Si,Si,Si,Si,No,PROPIO - EXTERNO,SMC,No,Si,Si,Si,Si,GOB.,No,Si,Si,Si,No,Si,No,Si,Si,Si,Facebook,MUNICIPALIDAD DE MAIPÚ CHILE,FACEBOOK.COM/MUNIMAIPU,Si
13120,ÑUÑOA,Más de 100,Más de 100,200,MOVISTAR,2021,700,Si,Si,No,No,Si,Si,Si,Si,No,EXTERNO,PROEXSI,Si,Si,Si,Si,Si,GOB.,No,Si,Si,Si,Si,Si,No,Si,Si,Si,Youtube,MUNICIPALIDAD DE ÑUÑOA,HTTPS://WWW.YOUTUBE.COM/@MUNINUNOACL,Si
13121,PEDRO AGUIRRE CERDA,Entre 50 y menos de 100,Entre 50 y menos de 100,300,GTD, 2023 - 50 equipos,370,Si,Si,Si,Si,Si,Si,Si,Si,No,EXTERNO,CAS CHILE,Si,Si,Si,Si,Si,GOB - PRIVADA,No,Si,Si,Si,Si,Si,No,No,No,Si,Youtube,PACMUNICIPIO,HTTPS://WWW.YOUTUBE.COM/@PACMUNICIPIO/STREAMS,Si
13122,PEÑALOLÉN,Más de 100,Más de 100,600,GTD,2023 - 200 equipos,968,No,Si,No,No,Si,Si,Si,Si,No,PROPIO - EXTERNO,CAS CHILE,No,Si,Si,Si,Si,GOB - PRIVADA,No,Si,Si,Si,No,Si,Si,Si,Si,Si,Youtube,@CONCEJOMUNICIPALENLINEA7148,HTTPS://WWW.YOUTUBE.COM/@CONCEJOMUNICIPALENLINEA7148,Si
13123,PROVIDENCIA,Más de 100,Más de 100,19,CLARO, 2023 - 3 equipos,1175,No,Si,No,No,Si,Si,Si,Si,Si,PROPIO - EXTERNO,SMC - PROEXSI,Si,Si,No,No,No,No aplica,No,No,No,Si,Si,Si,Si,Si,Si,Si,Youtube,MUNIPROVI,HTTPS://WWW.YOUTUBE.COM/RESULTS?SEARCH_QUERY=MUNI PROVI,Si
13124,PUDAHUEL,Más de 100,Más de 100,40,LIVISTER,2023 - 15 equipos,800,Si,Si,No,No,Si,Si,Si,No,Si,PROPIO - EXTERNO,SMC,Si,Si,No,No,Si,GOB.,No,No,No,Si,Si,Si,No,Si,Si,Si,Youtube,MUNICIPALIDADDEPUDAHUEL-1,HTTPS://WWW.YOUTUBE.COM/@MUNICIPALIDADDEPUDAHUEL-1,No
13125,QUILICURA,Más de 100,Más de 100,497,MYJ,2023,1200,Si,Si,Si,Si,Si,Si,Si,Si,No,EXTERNO,CAS CHILE,Si,Si,Si,No,Si,GOB.,No,Si,Si,Si,Si,No,No,No,No,No,Facebook,MUNICIPALIDAD DE QUILICURA,HTTPS://WWW.FACEBOOK.COM/MUNIQUILICURA/VIDEOS,No
13126,QUINTA NORMAL,Más de 100,Entre 50 y menos de 100,356,MOVISTAR,2023,429,Si,Si,Si,Si,Si,Si,Si,Si,No,EXTERNO,CAS CHILE,Si,Si,No,Si,No,No aplica,No,No,No,No,No,No,No,Si,Si,Si,Youtube,MUNICIPALIDAD DE QUINTA NORMAL,HTTPS://WWW.YOUTUBE.COM/CHANNEL/UC5X70ST0XM-RPHGFKQFEHBG,Si
13127,RECOLETA,Más de 100,Más de 100,245,MOVISTAR, 2023 -  65 equipos,515,No,Si,Si,Si,Si,Si,Si,Si,Si,EXTERNO,SMC,Si,Si,Si,Si,Si,GOB - PRIVADA,Si,Si,Si,Si,No,Si,Si,Si,Si,Si,Facebook  - Youtube,RECOLETAALDIATV,HTTPS://WWW.YOUTUBE.COM @RECOLETAALDIA,Si
13128,RENCA,Más de 100,Más de 100,313,MOVISTAR,2023,607,Si,Si,Si,Si,Si,Si,Si,Si,No,EXTERNO,SMC,Si,Si,Si,Si,Si,GOB - PRIVADA,Si,Si,Si,Si,Si,Si,No,Si,No,Si,Facebook,MUNIRENCA,HTTP://WWW.FACEBOOK.COM/MUNIRENCA,Si
13129,SAN JOAQUÍN,Entre 50 y menos de 100,Entre 50 y menos de 100,324,MOVISTAR,2023 - 108 equipos,549,Si,Si,No,No,Si,Si,Si,Si,Si,EXTERNO,PROEXSI,Si,Si,Si,No,Si,GOB.,Si,Si,Si,Si,No,No,No,Si,No,Si,Web municipal - Youtube,No aplica,HTTPS://WWW.YOUTUBE.COM/WATCH?V=POB8BHWRZTW,No
5301,LOS ANDES,Más de 100,Más de 100,267,MUNDO PACÍFICO,2021,267,No,Si,Si,Si,Si,Si,Si,Si,Si,PROPIO - EXTERNO,CAS CHILE,No,Si,Si,Si,Si,GOB.,No,Si,Si,Si,Si,Si,Si,Si,Si,Si,Web municipal,FACEBOOK.COM/MUNICIPALIDAD DE LOS ANDES.,FACEBOOK.COM/MUNICIPALIDAD DE LOS ANDES,Si
13131,SAN RAMÓN,Más de 100,Más de 100,80,MOVISTAR,2023,300,No,Si,Si,Si,Si,Si,No,No,No,EXTERNO,CAS CHILE,No,Si,No,No,No,No aplica,No,No,No,No,No,Si,Si,Si,No,Si,Facebook,MUNICIPALIDAD SAN RAMÓN,HTTPS://WWW.FACEBOOKCOM/MUNICIPALIDADSANRAMON,Si
13132,VITACURA,Más de 100,Más de 100,0,MOVISTAR,2023,848,Si,Si,Si,Si,Si,Si,Si,Si,No,EXTERNO,CAS CHILE,Si,Si,Si,Si,Si,GOB.,Si,Si,Si,Si,Si,Si,Si,Si,Si,Si,Facebook  - Youtube,YOUTUBE @VITATVONLINEFACEBOOK VITACURA,HTTPS://WWW.YOUTUBE.COM/@VITATVONLINEHTTPS://WWW.FACEBOOK.COM/VITACURA,Si
13201,PUENTE ALTO,Más de 100,Más de 100,553,MOVISTAR,2023,1348,No,Si,No,No,Si,Si,Si,Si,No,PROPIO - EXTERNO,INSICO - PROEXSI -SOLNET,No,Si,Si,Si,Si,GOB - PRIVADA,No,Si,Si,Si,Si,No,Si,Si,Si,Si,Youtube,No aplica,YOUTUBE.COM/@MPUENTEALTO,No
13202,PIRQUE,Más de 100,Más de 100,Menos de 30,MOVISTAR,2023 -  14 equipos ,MAS DE 130,Si,Si,Si,Si,Si,Si,Si,Si,No,EXTERNO,INSICO,Si,No,No,No,No,No aplica,No,No,No,Si,No,Si,Si,Si,Si,Si,Facebook,FACEBOOK DE LA MUNICIPALIDAD DE PIRQUE,HTTPS://WWW.FACEBOOK.COM/MUNICIPALIDADDEPIRQUE,Si
13203,SAN JOSÉ DE MAIPO,Entre 20 y menos de 50,Entre 20 y menos de 50,20,MOVISTAR,2023,68,Si,Si,No,No,Si,Si,Si,No,No,EXTERNO,CAS CHILE,Si,No,No,No,No,No aplica,No,No,No,No,No,Si,No,Si,No,Si,Facebook,HTTPS://WWW.FACEBOOK.COM/MUNICIPALIDADDESANJOSEDEMAIPO/?LOCALE=ES_LA,HTTPS://WWW.FACEBOOK.COM/MUNICIPALIDADDESANJOSEDEMAIPO/?LOCALE=ES_LA,No
13301,COLINA,Más de 100,Más de 100,77,MOVISTAR,2023 - más de 50 equipos,MAS DE 800,Si,Si,No,No,Si,Si,Si,Si,Si,PROPIO,No recepcionado,Si,Si,Si,Si,Si,GOB.,No,Si,Si,Si,No,Si,Si,Si,Si,Si,Youtube,MUNICOLINA@COLINAWEB,HTTPS://YOUTUBE.COM/@COLINAWEB,No
13302,LAMPA,No recepcionado,No recepcionado,No recepcionado,MOVISTAR,No recepcionado,No recepcionado,No recepcionado,No recepcionado,No recepcionado,No recepcionado,No recepcionado,No recepcionado,No recepcionado,No recepcionado,No recepcionado,No recepcionado,No recepcionado,No recepcionado,No recepcionado,No recepcionado,No recepcionado,No recepcionado,No recepcionado,No recepcionado,No recepcionado,No recepcionado,No recepcionado,No recepcionado,No recepcionado,No recepcionado,No recepcionado,No recepcionado,No recepcionado,No recepcionado,No recepcionado,No recepcionado,No recepcionado
13303,TILTIL,Entre 50 y menos de 100,Entre 50 y menos de 100,102,MOVISTAR,2023,183,Si,Si,No,No,No,Si,No,No,No,EXTERNO,CAS CHILE,Si,No,No,No,No,No aplica,No,No,No,No,No,No,No,No,No,Si,Youtube,@MUNICIPALIDADDETILTIL5918,WWW.YOUTUBE.COM/@MUNICIPALIDADDETILTIL5918,Si
13401,SAN BERNARDO,Más de 100,Más de 100,653,GTD,2023 - 74 equipos,867,Si,Si,Si,Si,Si,Si,Si,Si,No,EXTERNO,SMC - INSICO,Si,Si,No,No,No,PRIVADA,No,Si,Si,Si,Si,Si,No,No,Si,Si,Facebook  - Youtube,"PERFIL FACEBOOK/SANBERNARDOCM Y DENTRO DE ESTE PERFIL ILUSTRE MUNICIPALIDAD DE SAN BERNARDO Y POSTERIORMENTE DE HABER SIDO TRASMITIDO, SE SUBE VIDEO COMPLETO A YOUTUBE CANAL SAN BERNARDO TV.",FACEBOOKHTTPS://FACEBOOK.COM/SANBERNARDOCLXYOUTUBEHTTPS://WWW.YOUTUBE.COM/PLAYLIST?LIST=PLXCH8JFNVPWTVPPMEFYTG6SROO3YKVB6J,No
13402,BUIN,Más de 100,Más de 100,270,CLARO,2023,350,Si,Si,No,No,Si,Si,Si,Si,No,EXTERNO,SMC,Si,No,No,No,No,Ninguna,No,No,Si,Si,No,Si,Si,Si,No,Si,Youtube,CONSEJOMUNICIPAL DE BUIN,WWW.YOUTUBE.COM/CONSEJOMUNICIPALDEBUIN,Si
13403,CALERA DE TANGO,Entre 50 y menos de 100,Entre 50 y menos de 100,120,MUNDO,2024,216,No,Si,No,No,Si,Si,Si,Si,No,EXTERNO,INSICO,Si,Si,No,No,No,No aplica,No,No,No,Si,No,Si,No,No,No,Si, Facebook - Youtube,MUNI CALERA DE TANGO (2)MUNI CALERA DE TANGO (3),YOUTUBE.COM/@MUNICALERADETANGOCDT,No
13404,PAINE,Entre 50 y menos de 100,Entre 50 y menos de 100,96,GTD,2023 - 27 equipos,230,No,Si,Si,Si,Si,Si,Si,Si,No,PROPIO - EXTERNO,INGENIERIA Y PROCESOS ELECTRONICOS CONTABLES,No,Si,No,No,No,No aplica,No,Si,Si,Si,Si,Si,No,Si,No,Si,Facebook,ILUSTRE MUNICIPALIDAD DE PAINE HTTPS://WWW.FACEBOOK.COM/MUNIDEPAINE,ILUSTRE MUNICIPALIDAD DE PAINE HTTPS://WWW.FACEBOOK.COM/MUNIDEPAINE,Si
13501,MELIPILLA,Más de 100,Más de 100,100,LIVISTER,2023 - 80 equipos,580,Si,Si,No,No,Si,Si,No,No,Si,EXTERNO,CAS CHILE,Si,Si,No,Si,Si,GOB.,No,Si,Si,Si,No,No,Si,Si,Si,Si,Facebook,HTTPS://WWW.FACEBOOK.COM/JAO23ZORO/?LOCALE=ES_LA,HTTPS://WWW.FACEBOOK.COM/MUNICIPIOMELIPILLA/?LOCALE=ES_LA,No
13502,ALHUÉ,Menos de 10,Menos de 10,No recepcionado,MOVISTAR,2023,10,No,Si,Si,Si,No,Si,No,No,No,EXTERNO,CAS CHILE,No,No,No,No,No,No aplica,No,No,No,No,No,No,No,Si,No,Si,Facebook,ILUSTRE MUNICIPALIDAD DE ALHUE,HTTPS://WWW.FACEBOOK.COM/MUNIALHUE?MIBEXTID=IBOPUV,No
13503,CURACAVÍ,Más de 100,Más de 100,25,PARALLEL,2023,260,No,Si,Si,No,Si,Si,Si,Si,No,EXTERNO,CAS CHILE,Si,Si,Si,Si,Si,GOB.,Si,Si,Si,Si,Si,Si,Si,Si,Si,Si,Facebook,FACEBOOK.COM/MUNICURACAVI,FACEBOOK.COM/MUNICURACAVI/VIDEOS,No
13504,MARÍA PINTO,Más de 100,Más de 100,29,SZNET,2023 - 24 equipos,147,Si,Si,No,No,No,Si,Si,Si,Si,EXTERNO,CAS CHILE,Si,Si,No,No,No,Ninguna,No,Si,Si,Si,Si,Si,No,Si,Si,Si,Facebook  - Youtube,ACTAS CONCEJO I. MUNICIPAL MARÍA PINTO,HTTPS://WWW.YOUTUBE.COM/CHANNEL/UCO67-85OLVEKTD7KHVUCENA,No
13505,SAN PEDRO,Entre 50 y menos de 100,Entre 50 y menos de 100,99,MYJ,2023,154,No,Si,Si,Si,Si,Si,Si,No,No,EXTERNO,CAS CHILE,No,No,No,No,No,No aplica,No,No,No,No,No,No,No,No,No,Si,Facebook,MUNISANPEDRORM,HTTPS://WWW.FACEBOOK.COM/MUNISANPEDRORM?SFNSN=WA,No
13601,TALAGANTE,Más de 100,Más de 100,30,MOVISTAR,2023,300,Si,Si,No,Si,No,Si,Si,Si,No,EXTERNO,SMC,Si,Si,Si,Si,No,PRIVADA,Si,Si,Si,Si,Si,Si,Si,Si,Si,Si,Facebook,MUNICIPALIDAD DE TALAGANTE,HTTPS://WWW.FACEBOOK.COM/TALAGANTEMUNI,No
13602,EL MONTE,Entre 50 y menos de 100,Entre 50 y menos de 100,133,CLARO,2023 - 30 equipos,198,No,Si,Si,Si,Si,Si,No,No,No,EXTERNO,CAS CHILE,No,No,No,No,Si,PRIVADA,No,No,No,No,No,No,No,No,No,Si,Facebook,MUNICIPALIDAD DE EL MONTE,FACEBOOK.COM/MUNIELMONTE,Si
13603,ISLA DE MAIPO,Entre 50 y menos de 100,Entre 50 y menos de 100,40,MOVISTAR,2023,95,No,Si,No,No,Si,Si,Si,No,No,EXTERNO,INSICO,No,Si,No,No,No,No aplica,No,No,Si,Si,No,No,Si,No,No,Si,Web municipal - Facebook - Youtube,MUNICIPALIDAD ISLA DE MAIPO,FACEBOOK.COM/MUNI.ISLADEMAIPO.CL,No
13604,PADRE HURTADO,Más de 100,Más de 100,No recepcionado,INTERNEXA,2023 - 15 equipos,201,Si,Si,Si,Si,Si,Si,Si,No,Si,EXTERNO,CAS CHILE,Si,Si,No,No,Si,GOB.,Si,Si,Si,Si,No,Si,No,No,Si,Si,Facebook,HTTPS://WWW.FACEBOOK.COM/MPH.CL,HTTPS://US02WEB.ZOOM.US/J/81338145171?PWD=U3ZIMUZKEEDWVGHUL215ZUPLMURYZZ09,No
13605,PEÑAFLOR,Más de 100,Más de 100,169,MUNDO PACÍFICO,2022 - 35 equipos,242,Si,Si,Si,Si,Si,Si,Si,Si,No,EXTERNO,CAS CHILE,Si,Si,Si,No,No,No aplica,No,Si,Si,Si,Si,Si,Si,Si,Si,Si,Facebook,FACEBOOK MUNICIPALIDAD DE PEÑAFLOR,HTTPS://WWW.FACEBOOK.COM/MUNICIPALIDADPENAFLOR/?LOCALE=ES_LA,No
14101,VALDIVIA,Más de 100,Más de 100,170,GTD,2023,615,Si,Si,Si,Si,Si,Si,Si,Si,No,EXTERNO,SMC,Si,Si,Si,Si,Si,GOB.,Si,Si,Si,Si,Si,Si,Si,No,No,Si,Youtube,@CANAL.VALDIVIATV,WWW.YOUTUBE.COM/@CANAL.VALDIVIATVHTTPS://YOUTUBE.COM/PLAYLIST?LIST=PLWT41VQQZO620XKMXXIWNTUSVHAGF077Q,No
14102,CORRAL,Más de 100,Más de 100,6,GTD,2023,99,Si,Si,Si,Si,Si,Si,No,No,No,EXTERNO,CAS CHILE,No,No,No,No,No,No aplica,No,No,No,No,No,No,No,Si,No,Si,Web municipal - Facebook - Youtube,MUNICIPALIDAD DE CORRAL,HTTPS://WWW.FACEBOOK.COM/MUNICIPALIDADCORRAL?MIBEXTID=LQQJ4D,No
14103,LANCO,Entre 50 y menos de 100,Entre 50 y menos de 100,50,ENTEL,2022,150,Si,Si,Si,Si,Si,Si,Si,Si,No,EXTERNO,SMC,Si,Si,Si,Si,No,GOB - PRIVADA,Si,Si,Si,Si,Si,No,No,No,Si,Si,Web municipal - Facebook - Youtube,CONCEJOS- ILUSTRE MUNICIPALIDAD DE LANCO,HTTP;//WWW.YOUTUBE.COM/@CONCEJOSMUNILANCO,No
14104,LOS LAGOS,Entre 20 y menos de 50,Entre 20 y menos de 50,30,GTD,2024,170,Si,Si,Si,Si,Si,Si,No,No,No,PROPIO,No recepcionado,No,No,No,No,No,GOB - PRIVADA,No,No,No,No,Si,Si,No,Si,No,Si,Web municipal - Facebook,WWW.MUNILOSLAGOS.CL,WWW.MUNILOSLAGOS.CL,Si
14105,MÁFIL,Entre 20 y menos de 50,Entre 10 y menos de 20,55,GTD,2023 -  15 equipos,91,Si,Si,Si,Si,Si,Si,Si,Si,No,EXTERNO,CAS CHILE,Si,Si,Si,Si,Si,GOB.,Si,Si,Si,Si,No,No,Si,No,No,Si,Facebook,INSTAGRAM...MUNICIPALIDADMAFIL,HTTPS//WWW.FACEBOOK.COM//MUNICIPALIDADDEMAFIL?MIBEXTID=ZBWKWL,No
14106,MARIQUINA,Más de 100,Más de 100,109,GTD,2023,119,No,Si,Si,Si,Si,Si,Si,No,No,EXTERNO,CAS CHILE,Si,No,No,No,No,No aplica,No,No,No,Si,No,No,Si,No,No,Si,Youtube,No aplica,HTTPS://WWW.YOUTUBE.COM/@MUNICIPALIDADDEMARIQUINA,No
14107,PAILLACO,Entre 50 y menos de 100,Entre 50 y menos de 100,26,ENTEL,2023,95,No,Si,Si,Si,Si,Si,Si,Si,No,EXTERNO,SMC,Si,No,No,No,No,No aplica,No,No,No,No,No,Si,No,Si,No,Si,Facebook,FACEBOOK Y YOUTUBE MUNICIPALIDAD DE PAILLACO,HTTPS://WWW.YOUTUBE.COM/LIVE/SDP-IC3CZFY?SI=YLX7QHMV1GDIVTYG,Si
14108,PANGUIPULLI,Más de 100,Más de 100,20,GTD,2023,138,No,Si,No,No,Si,Si,Si,No,No,EXTERNO,CAS CHILE,No,Si,Si,Si,Si,GOB - PRIVADA,Si,Si,Si,Si,Si,Si,No,Si,Si,Si,Web municipal,No aplica,WWW.MUNICIPALIDADPANGUIPULLI.CL,No
14201,LA UNIÓN,No recepcionado,No recepcionado,No recepcionado,No recepcionado,No recepcionado,No recepcionado,No recepcionado,No recepcionado,No recepcionado,No recepcionado,No recepcionado,No recepcionado,No recepcionado,No recepcionado,No recepcionado,No recepcionado,No recepcionado,No recepcionado,No recepcionado,No recepcionado,No recepcionado,No recepcionado,No recepcionado,No recepcionado,No recepcionado,No recepcionado,No recepcionado,No recepcionado,No recepcionado,No recepcionado,No recepcionado,No recepcionado,No recepcionado,No recepcionado,No recepcionado,No recepcionado,No recepcionado
14202,FUTRONO,Entre 50 y menos de 100,Entre 50 y menos de 100,160,GTD,2023,260,Si,Si,Si,Si,Si,Si,Si,Si,No,EXTERNO,CAS CHILE,Si,Si,Si,Si,Si,GOB - PRIVADA,No,Si,Si,Si,Si,No,No,No,Si,Si,Youtube,YOUTUBE,HTTPS://WWW.YOUTUBE.COM/CHANNEL/UCDPUY45BG-WKZQ74FFYTQPW/VIDEOS,No
14203,LAGO RANCO,Entre 20 y menos de 50,Entre 20 y menos de 50,10,GTD,2023,100,Si,Si,Si,Si,Si,Si,Si,No,No,EXTERNO,CAS CHILE,Si,No,No,Si,No,No aplica,No,No,No,No,No,No,No,No,No,Si,Facebook  - Youtube - Streamyard,FACEBOOK MUNICIPAL,HTTPS://WWW.MUNICIPALIDADLAGORANCO.CL/WEB/SESIONES-CONCEJO,No
14204,RÍO BUENO,Entre 20 y menos de 50,Entre 20 y menos de 50,15,GTD,2023 - 45 equipos,60,Si,Si,Si,Si,Si,Si,Si,Si,Si,EXTERNO,SMC,Si,Si,No,No,Si,GOB.,No,Si,Si,Si,Si,Si,No,Si,No,Si,Facebook,ILUSTRE MUNICIPALIDAD RIO BUENO,HTTPS://WWW.FACEBOOK.COM/MUNICIPALIDADRIOBUENO,Si
15101,ARICA,No recepcionado,No recepcionado,No recepcionado,No recepcionado,No recepcionado,No recepcionado,No recepcionado,No recepcionado,No recepcionado,No recepcionado,No recepcionado,No recepcionado,No recepcionado,No recepcionado,No recepcionado,No recepcionado,No recepcionado,No recepcionado,No recepcionado,No recepcionado,No recepcionado,No recepcionado,No recepcionado,No recepcionado,No recepcionado,No recepcionado,No recepcionado,No recepcionado,No recepcionado,No recepcionado,No recepcionado,No recepcionado,No recepcionado,No recepcionado,No recepcionado,No recepcionado,No recepcionado
15102,CAMARONES,No recepcionado,No recepcionado,No recepcionado,No recepcionado,No recepcionado,No recepcionado,No recepcionado,No recepcionado,No recepcionado,No recepcionado,No recepcionado,No recepcionado,No recepcionado,No recepcionado,No recepcionado,No recepcionado,No recepcionado,No recepcionado,No recepcionado,No recepcionado,No recepcionado,No recepcionado,No recepcionado,No recepcionado,No recepcionado,No recepcionado,No recepcionado,No recepcionado,No recepcionado,No recepcionado,No recepcionado,No recepcionado,No recepcionado,No recepcionado,No recepcionado,No recepcionado,No recepcionado
15201,PUTRE,Entre 50 y menos de 100,Entre 20 y menos de 50,19,ENTEL,2023,73,Si,Si,No,Si,Si,Si,Si,Si,No,EXTERNO,SMC,Si,No,Si,Si,No,No aplica,No,Si,No,Si,No,Si,No,Si,No,Si,Facebook  - Youtube,MUNICIPALIDAD DE PUTRE,WWW.YOUTUBE.COM/@ILUSTREMUNICIPALIDADDEPUTR4203,No
15202,GENERAL LAGOS,Menos de 10,Entre 10 y menos de 20,48,ENTEL,2023,48,Si,Si,No,Si,Si,Si,Si,Si,No,EXTERNO,SMC,No,Si,No,No,No,No aplica,No,Si,Si,Si,No,No,No,No,Si,Si,Web municipal,No aplica,PORTALVISVIRI.CL,No
16101,CHILLÁN,Entre 50 y menos de 100,Entre 50 y menos de 100,80,GTD,2022,875,Si,Si,Si,Si,Si,Si,Si,Si,No,PROPIO - EXTERNO,CAS CHILE,Si,Si,Si,Si,No,No aplica,Si,Si,Si,Si,Si,Si,Si,Si,Si,Si,Web municipal - Facebook - Youtube,MUNICIPALIDAD DE CHILLÁN,HTTPS://ES-LA.FACEBOOK.COM/MUNICIPALIDAD.D.CHILLAN,No
16102,BULNES,Más de 100,Más de 100,127,MOVISTAR,2023 -  23 equipos,150,Si,Si,Si,Si,Si,Si,Si,No,No,EXTERNO,CAS CHILE,Si,No,No,No,No,No aplica,No,Si,No,Si,No,Si,Si,Si,Si,Si,Web municipal - Facebook - Youtube,MUNICIPALIDADDEBULNES,WWW.IMB.CL,No
16103,CHILLÁN VIEJO,Más de 100,Más de 100,35,MOVISTAR,2023,196,No,Si,Si,Si,Si,Si,Si,Si,No,EXTERNO,CAS CHILE,No,No,Si,Si,Si,GOB.,Si,Si,Si,Si,No,Si,Si,Si,Si,Si,Facebook,FACEBOOK: COMUNICACIONESMCHILLANVIEJO - MUNICIPALIDADDECHILLANVIEJO,HTTPS://WWW.FACEBOOK.COM/MUNICIPALIDADDECHILLANVIEJO,No
16104,EL CARMEN,Más de 100,Más de 100,36,MOVISTAR,2024 - 2 equipos,164,Si,Si,Si,Si,Si,Si,Si,Si,No,EXTERNO,SMC,Si,Si,No,Si,Si,PRIVADA,No,Si,Si,Si,No,Si,No,No,No,Si,Facebook,MUNICIPALIDAD EL CARMEN,HTTPS://ES-LA.FACEBOOK.COM/MUNICIPALIDAD-EL-CARMEN/100064878933084,No
16105,PEMUCO,Entre 50 y menos de 100,Entre 50 y menos de 100,50,MOVISTAR,2023 - 1 equipo,86,No,Si,Si,Si,Si,Si,Si,Si,No,EXTERNO,SMC,No,Si,Si,No,No,No aplica,No,No,No,No,No,Si,No,Si,Si,Si,Facebook,FACEBOOK Y CANAL YOUTUBE MUNICIPAL,FACEBOOK Y CANAL YOUTUBE MUNICIPAL,No
16106,PINTO,Entre 50 y menos de 100,Entre 50 y menos de 100,52,MOVISTAR,2023,120,Si,Si,Si,Si,Si,Si,Si,No,No,EXTERNO,CAS CHILE,Si,No,No,Si,No,No aplica,No,No,No,No,No,No,No,Si,No,Si,Youtube,@MUNIPINTO,HTTPS://WWW.MUNICIPALIDADDEPINTO.CL/LINKS/CONCEJO-MUNICIPAL,No
16107,QUILLÓN,Más de 100,Más de 100,34,MOVISTAR,2023 - 35 equipos,346,Si,Si,Si,Si,Si,Si,Si,Si,No,EXTERNO,SMC,Si,Si,Si,Si,No,PRIVADA,No,No,Si,Si,No,Si,No,No,Si,Si,Youtube,MUNICIPALIDAD DE QUILLÓN,HTTPS://WWW.YOUTUBE.COM/@MUNICIPALIDADQUILLON3486/FEATURED,No
16108,SAN IGNACIO,No recepcionado,No recepcionado,No recepcionado,No recepcionado,No recepcionado,No recepcionado,No recepcionado,No recepcionado,No recepcionado,No recepcionado,No recepcionado,No recepcionado,No recepcionado,No recepcionado,No recepcionado,No recepcionado,No recepcionado,No recepcionado,No recepcionado,No recepcionado,No recepcionado,No recepcionado,No recepcionado,No recepcionado,No recepcionado,No recepcionado,No recepcionado,No recepcionado,No recepcionado,No recepcionado,No recepcionado,No recepcionado,No recepcionado,No recepcionado,No recepcionado,No recepcionado,No recepcionado
16109,YUNGAY,Más de 100,Más de 100,66,GTD,2023 - 35 equipos,100,Si,Si,Si,Si,Si,Si,Si,Si,No,EXTERNO,CAS CHILE- INTESIS,Si,No,No,Si,No,PRIVADA,No,No,No,No,Si,No,Si,Si,Si,Si,Web municipal - Facebook - Youtube,FACEBOOK : MUNICIPALIDAD DE YUNGAYYOUTUBE: MUNICIPALIDAD DE YUNGAYPAGINA WEB: WWW.YUNGAY.CL,HTTPS://WWW.YOUTUBE.COM/@MUNICIPALIDADDEYUNGAY8031,No
16201,QUIRIHUE,Más de 100,Entre 50 y menos de 100,40,MUNDO,2022,130,No,Si,Si,Si,Si,Si,Si,Si,Si,EXTERNO,CAS CHILE,No,No,No,No,No,No aplica,No,Si,No,No,Si,Si,No,Si,No,No,Facebook,QUIRIHUEMUNI,QUIRIHUEMUNI,No
16202,COBQUECURA,No recepcionado,No recepcionado,No recepcionado,No recepcionado,No recepcionado,No recepcionado,No recepcionado,No recepcionado,No recepcionado,No recepcionado,No recepcionado,No recepcionado,No recepcionado,No recepcionado,No recepcionado,No recepcionado,No recepcionado,No recepcionado,No recepcionado,No recepcionado,No recepcionado,No recepcionado,No recepcionado,No recepcionado,No recepcionado,No recepcionado,No recepcionado,No recepcionado,No recepcionado,No recepcionado,No recepcionado,No recepcionado,No recepcionado,No recepcionado,No recepcionado,No recepcionado,No recepcionado
16203,COELEMU,Más de 100,Entre 50 y menos de 100,178,GTD,2023 - 16 equipos,228,No,Si,Si,Si,Si,Si,Si,Si,No,EXTERNO,CAS CHILE,No,No,No,No,No,No aplica,No,No,No,No,No,No,No,No,No,Si,Facebook,WWW.FACEBOOK.COM/MUNICIPALIDADCOELEMU,WWW.FACEBOOK.COM/MUNICIPALIDADCOELEMU/VIDEOS,No
16204,NINHUE,Más de 100,Más de 100,31,SERVICIOS DE TELECOMUNICACIONES,2023,75,No,Si,Si,Si,No,Si,No,No,No,EXTERNO,CAS CHILE,No,No,No,Si,No,No aplica,No,No,No,No,No,Si,No,Si,Si,Si,Facebook,YOUTUBE,HTTPS://WWW.YOUTUBE.COM/@MUNICIPALIDADDENINHUE,No
16205,PORTEZUELO,Entre 50 y menos de 100,Entre 50 y menos de 100,80,NETWORK CHILE,2023,15,Si,Si,Si,Si,Si,Si,Si,Si,No,EXTERNO,SMC,Si,No,Si,Si,Si,PRIVADA,No,No,Si,Si,No,Si,No,Si,No,Si,Facebook,MUNICIPALIDAD DE PORTEZUELO,WWW.FACEBOOK.COM/DSP.PORTEZUELO.MIBEXTID=SCPJLY,No
16206,RÁNQUIL,Entre 50 y menos de 100,Entre 20 y menos de 50,15,GTD,2024 - 3 equipos,85,No,Si,Si,Si,Si,Si,Si,Si,No,EXTERNO,CAS CHILE,No,Si,No,Si,Si,GOB.,Si,Si,Si,Si,No,No,No,No,No,Si,Facebook,MUNIRANQUIL,WWW.MRANQUIL.CL/ACTAS,No
16207,TREHUACO,Entre 50 y menos de 100,Entre 50 y menos de 100,20,SOTIR,0 equipos,60,No,Si,Si,Si,No,Si,Si,No,No,EXTERNO,SMC,No,Si,No,Si,Si,PRIVADA,No,No,No,No,Si,No,No,Si,No,Si,Facebook,I. MUNICIPALIDAD DE TREHUACO,No aplica,No
16301,SAN CARLOS,Más de 100,Más de 100,160,GTD,2023 - 22 equipos,182,Si,Si,Si,Si,No,Si,Si,No,No,EXTERNO,CAS CHILE,Si,No,No,No,No,No aplica,No,No,No,No,No,Si,No,Si,No,Si,Facebook,MUNICIPALIDAD DE SAN CARLOSMUNISANCARLOS.CL,WWW.FECABOOK.COM/MUNISANCARLOS.CL,No
16302,COIHUECO,Entre 50 y menos de 100,Entre 50 y menos de 100,33,ENTEL,2023,140,No,Si,Si,Si,No,Si,Si,Si,No,EXTERNO,CAS CHILE,Si,Si,Si,No,Si,GOB.,Si,Si,Si,Si,No,Si,Si,Si,No,Si,Facebook,HTTPS://WWW.FACEBOOK.COM/ILUSTREMUNICIPALIDADDECOIHUECO,HTTPS://WWW.FACEBOOK.COM/ILUSTREMUNICIPALIDADDECOIHUECO/VIDEOS,No
16303,ÑIQUÉN,Entre 50 y menos de 100,Entre 50 y menos de 100,10,MOVISTAR,2023,70,No,Si,Si,Si,Si,Si,Si,No,Si,EXTERNO,CAS CHILE,Si,No,No,No,No,No aplica,No,No,No,No,No,Si,Si,Si,Si,Si,Facebook - Youtube,No aplica,WWW.MUNINIQUEN.CL,No
16304,SAN FABIÁN,Entre 20 y menos de 50,Entre 20 y menos de 50,38, SETEL,2023 - 6 equipos,110,No,Si,Si,Si,No,No,No,No,No,EXTERNO,CAS CHILE,No,No,Si,No,No,No aplica,No,No,No,No,No,No,No,Si,No,Si,Facebook,MUNICIPALIDAD DE SAN FABIÁN,HTTPS://WWW.SANFABIAN.CL/SECCION.PHP?SESION_CONCEJO,No
16305,SAN NICOLÁS,Entre 20 y menos de 50,Entre 20 y menos de 50,103,ENTEL,2023,82,Si,Si,Si,Si,No,Si,Si,No,No,EXTERNO,CAS CHILE,Si,No,No,No,No,No aplica,Si,No,No,Si,No,No,No,No,No,Si,Youtube,MUNICIPALIDAD DE SAN NICOLÁS / @MUNICIPALIDADDESANNICOLAS683,HTTPS://WWW.YOUTUBE.COM/@MUNICIPALIDADDESANNICOLAS683,Si
